product_IDs,sales_volumes,average_user_rating
1,5865,1.5
2,532,4.2
3,5515,1.9
4,733,4.6
5,3897,1.5
6,177,1.6
7,3929,4.0
8,2003,1.3
9,1376,4.3
10,80,4.9
11,927,3.8
12,3167,2.3
13,866,1.6
14,1236,1.6
15,4115,4.0
16,5207,1.9
17,6085,4.8
18,9414,1.3
19,1392,4.5
20,4415,1.8
21,944,2.9
22,9005,3.9
23,4073,2.7
24,1755,4.5
25,9341,4.7
26,5572,3.9
27,3638,2.8
28,1859,3.1
29,754,2.9
30,1604,3.7
31,8771,3.6
32,3062,2.7
33,8916,2.8
34,6863,1.9
35,7905,2.0
36,4035,3.5
37,8956,2.3
38,9560,2.8
39,8088,1.2
40,2706,1.7
41,2924,2.9
42,7586,2.8
43,7866,2.6
44,275,1.4
45,2628,3.7
46,7197,3.7
47,2064,3.1
48,9284,3.7
49,7888,3.4
50,2106,3.8
51,920,4.8
52,3226,4.8
53,685,4.2
54,3254,3.6
55,6884,2.6
56,7449,2.8
57,2182,4.2
58,3051,4.1
59,1707,4.6
60,1680,1.6
61,6929,1.7
62,6479,1.2
63,4791,2.5
64,3318,1.3
65,8601,1.0
66,6303,3.1
67,6383,3.5
68,514,1.6
69,7381,1.2
70,636,3.1
71,6226,3.6
72,8527,3.9
73,178,3.7
74,3746,4.5
75,5074,2.6
76,8550,1.2
77,6748,2.5
78,1688,3.9
79,2682,2.3
80,2154,3.6
81,9909,2.4
82,3366,3.7
83,2348,1.5
84,9281,1.4
85,5482,2.3
86,2168,1.7
87,5172,2.5
88,1970,3.3
89,7234,4.8
90,2600,2.8
91,3365,3.1
92,5855,2.3
93,3691,2.3
94,2977,2.6
95,560,3.3
96,7921,2.6
97,4066,1.6
98,390,2.7
99,5993,1.1
100,1870,4.8
101,4954,2.8
102,5639,2.4
103,8451,4.1
104,4796,1.4
105,8771,4.5
106,1173,1.9
107,6958,2.0
108,5148,1.4
109,3596,3.4
110,9306,4.4
111,5494,3.3
112,8876,2.9
113,3938,1.9
114,675,1.4
115,5366,1.6
116,9072,2.4
117,6323,2.0
118,7129,1.0
119,8025,3.2
120,1380,2.5
121,7208,4.9
122,5092,1.9
123,2271,4.8
124,1422,1.1
125,3900,3.2
126,9809,3.0
127,2444,4.2
128,7499,4.0
129,6034,3.7
130,3178,5.0
131,4817,4.3
132,6460,3.0
133,6599,2.8
134,6508,1.7
135,2121,2.9
136,2088,2.1
137,5425,4.5
138,1628,1.1
139,9179,2.8
140,5784,3.8
141,4816,4.3
142,4285,4.7
143,6903,4.3
144,2774,4.7
145,3649,3.2
146,5900,3.3
147,5428,4.4
148,2346,2.1
149,2793,3.6
150,6673,4.0
151,7701,3.3
152,6156,3.3
153,4224,1.6
154,1648,4.0
155,3337,4.4
156,1299,4.8
157,9038,1.0
158,3374,4.4
159,4964,2.3
160,9751,3.9
161,7457,1.9
162,361,4.4
163,2500,1.0
164,6532,3.0
165,5454,1.4
166,4555,1.2
167,9998,3.2
168,4857,2.0
169,9683,3.3
170,2533,2.3
171,2621,1.7
172,6610,3.4
173,2373,2.6
174,1793,1.6
175,7917,3.0
176,6378,4.3
177,3710,2.5
178,9736,2.4
179,8073,2.6
180,9290,1.9
181,1871,4.5
182,324,2.4
183,8453,4.0
184,3327,3.4
185,4081,1.1
186,9962,4.7
187,2117,3.4
188,6130,1.9
189,2063,2.9
190,5847,3.1
191,2079,4.1
192,9575,1.4
193,5632,4.8
194,7174,3.4
195,3513,4.4
196,1587,4.7
197,3065,2.2
198,426,3.6
199,620,3.3
200,6067,1.9
201,3122,1.3
202,2530,2.0
203,882,3.9
204,2697,4.2
205,2458,3.0
206,9485,3.0
207,1863,4.7
208,6500,4.2
209,4446,2.1
210,1376,4.8
211,3959,3.4
212,4001,2.8
213,1213,4.3
214,2907,3.3
215,6741,1.5
216,7311,4.3
217,2844,4.5
218,2900,2.3
219,3739,4.2
220,6918,3.4
221,2667,2.7
222,118,3.3
223,2366,1.8
224,4020,4.6
225,1225,4.9
226,6402,2.5
227,7420,1.9
228,2854,4.5
229,4908,3.8
230,9344,3.0
231,8778,3.1
232,133,4.9
233,9267,4.5
234,1581,2.7
235,8362,2.6
236,5498,1.8
237,1622,1.3
238,9134,4.7
239,2913,4.7
240,8976,4.7
241,5791,1.4
242,5208,3.4
243,4607,3.1
244,857,2.1
245,8863,1.8
246,8413,4.6
247,3438,1.3
248,797,3.4
249,6510,3.0
250,2833,1.7
251,3390,1.9
252,9721,4.6
253,2484,3.5
254,9878,2.8
255,7393,4.9
256,9761,2.0
257,4700,3.1
258,9616,3.3
259,7198,5.0
260,9958,2.8
261,4262,1.4
262,84,1.5
263,5946,2.6
264,1652,3.2
265,7893,2.5
266,6266,2.7
267,908,4.3
268,7352,1.4
269,6581,2.3
270,5500,4.5
271,8480,3.7
272,7987,2.5
273,5383,1.4
274,8232,3.3
275,5823,1.6
276,7422,4.8
277,2140,2.6
278,3034,1.8
279,2792,1.5
280,486,1.1
281,8632,2.7
282,2421,2.9
283,3548,1.7
284,8605,4.1
285,3275,3.2
286,6210,1.9
287,124,4.4
288,6841,4.8
289,3206,2.2
290,7237,2.3
291,4796,3.5
292,3517,3.1
293,9948,2.5
294,7639,3.9
295,5320,4.8
296,3645,1.2
297,9947,2.3
298,6893,1.8
299,7079,1.3
300,5784,1.6
301,7285,4.4
302,1381,2.3
303,8125,1.6
304,3577,4.7
305,1979,2.9
306,8189,1.2
307,2507,1.5
308,237,2.5
309,4584,3.0
310,153,3.0
311,7317,4.4
312,3552,3.0
313,8529,4.7
314,4391,2.2
315,8345,4.5
316,8487,5.0
317,7043,3.3
318,3004,4.0
319,1772,1.1
320,8364,4.2
321,7976,2.5
322,5312,1.4
323,4336,3.1
324,8795,4.2
325,7080,4.6
326,9466,2.3
327,1044,1.9
328,2885,3.9
329,3468,4.5
330,7395,3.5
331,9590,3.8
332,694,2.4
333,7320,1.1
334,8498,1.8
335,8459,2.4
336,3593,1.7
337,8554,2.7
338,1671,4.3
339,2606,3.5
340,6619,2.9
341,4723,2.5
342,5546,4.5
343,2022,4.6
344,4612,4.5
345,6147,3.3
346,7854,4.8
347,5569,1.2
348,2918,1.7
349,7554,3.7
350,8099,4.5
351,5640,2.2
352,2507,2.3
353,7924,2.8
354,6857,3.9
355,9770,3.3
356,1910,1.9
357,4321,1.9
358,8191,2.8
359,9266,4.8
360,7491,1.0
361,5276,4.6
362,3254,1.2
363,8878,3.8
364,9263,1.9
365,7548,3.5
366,1296,4.4
367,3688,4.7
368,684,1.1
369,3057,1.3
370,2379,3.3
371,5453,4.1
372,5071,2.0
373,4304,3.2
374,5052,1.7
375,2590,4.3
376,4793,4.3
377,97,1.5
378,1935,1.2
379,1454,4.6
380,2978,1.0
381,5188,1.2
382,2832,2.4
383,5847,1.3
384,1812,3.9
385,8748,2.9
386,3804,1.6
387,5755,2.8
388,2978,3.2
389,8097,4.7
390,2273,4.1
391,576,1.8
392,6010,3.8
393,1530,4.2
394,9485,1.3
395,5237,1.3
396,9035,2.5
397,702,3.2
398,888,3.3
399,8073,3.4
400,8425,3.6
401,3726,4.5
402,1846,3.8
403,1397,3.9
404,976,1.3
405,8869,3.1
406,2673,2.9
407,4560,4.8
408,6632,2.6
409,5418,3.4
410,3920,3.3
411,4663,3.8
412,9392,4.8
413,4770,3.0
414,2584,3.5
415,5661,3.5
416,3795,3.7
417,1275,3.8
418,5434,4.6
419,8572,2.5
420,8367,1.7
421,6411,3.8
422,1395,4.4
423,9206,4.8
424,8483,1.4
425,7922,3.7
426,8574,4.5
427,7556,3.3
428,9747,4.0
429,4667,1.2
430,6913,1.1
431,3356,4.5
432,9566,2.3
433,2969,4.0
434,8808,2.0
435,8225,2.4
436,571,4.2
437,4764,1.8
438,2008,4.6
439,533,2.1
440,6063,2.2
441,6788,3.9
442,2886,1.4
443,9774,3.1
444,1254,1.0
445,119,2.8
446,5970,2.1
447,5848,4.3
448,7210,2.6
449,3987,2.5
450,6290,4.3
451,2692,3.2
452,2323,4.2
453,1489,4.8
454,3670,4.7
455,7813,1.6
456,7789,2.8
457,1063,1.0
458,996,4.6
459,9250,2.1
460,9886,1.4
461,4491,1.8
462,1633,3.2
463,3283,2.8
464,2701,3.6
465,2699,3.2
466,7700,3.1
467,4422,2.5
468,1951,3.4
469,4304,5.0
470,6228,2.5
471,298,2.7
472,7191,3.4
473,973,1.4
474,7511,1.0
475,1992,4.3
476,714,1.3
477,1300,4.5
478,9140,5.0
479,1192,4.5
480,4999,3.9
481,4123,3.7
482,4938,1.6
483,4970,1.0
484,7321,4.4
485,758,2.0
486,6313,1.1
487,2864,3.7
488,4172,1.7
489,38,2.3
490,8347,1.8
491,1520,1.8
492,9996,2.4
493,2508,1.0
494,9106,4.1
495,6962,2.0
496,513,4.6
497,6433,3.0
498,3200,1.3
499,4936,4.8
500,4933,4.3
501,5532,1.3
502,2041,2.3
503,1144,2.2
504,6320,1.1
505,6049,2.4
506,2983,3.8
507,5205,1.8
508,6796,2.3
509,289,4.0
510,8515,1.4
511,8372,1.7
512,3245,4.0
513,1481,4.4
514,2143,3.6
515,5054,4.1
516,1603,2.1
517,7514,4.5
518,2245,3.6
519,9292,4.8
520,996,1.0
521,2581,1.9
522,1968,4.1
523,3791,3.7
524,840,2.2
525,2756,2.3
526,6274,2.8
527,1643,4.3
528,6512,3.8
529,9212,1.4
530,9366,5.0
531,4306,2.5
532,5199,2.3
533,4956,2.4
534,1591,5.0
535,2435,3.0
536,6907,1.5
537,7402,4.3
538,1511,2.1
539,548,4.1
540,6177,1.9
541,178,4.0
542,9396,3.6
543,1431,2.4
544,8871,4.1
545,6960,4.2
546,2443,1.8
547,2596,1.9
548,9838,2.0
549,2841,3.9
550,8827,1.4
551,4893,3.2
552,4456,3.0
553,5959,1.6
554,4262,2.2
555,9524,3.7
556,4529,2.7
557,7105,2.0
558,3147,3.1
559,4941,1.9
560,7025,1.3
561,5680,2.2
562,547,4.7
563,4732,1.2
564,8537,2.2
565,7773,2.5
566,8492,2.6
567,9407,2.3
568,2402,2.5
569,7551,1.4
570,4964,3.5
571,6876,4.8
572,2095,3.7
573,9950,2.1
574,7214,4.8
575,3337,2.5
576,9715,4.4
577,2658,2.8
578,8487,4.9
579,5708,2.5
580,1670,3.0
581,5813,4.9
582,5130,1.4
583,8946,2.1
584,9684,5.0
585,1792,3.8
586,7594,2.0
587,7246,1.6
588,4305,3.0
589,5743,3.0
590,7324,1.5
591,7237,3.4
592,5489,1.7
593,9381,2.4
594,7818,4.5
595,1620,2.6
596,5215,2.6
597,2120,1.9
598,2402,3.2
599,4869,1.4
600,5958,4.3
601,260,4.6
602,8805,3.5
603,3493,2.6
604,9586,2.1
605,9266,1.5
606,9064,2.1
607,1483,3.9
608,8032,2.2
609,4471,1.1
610,7921,4.7
611,9631,3.9
612,3940,2.1
613,5553,2.8
614,4154,2.4
615,1625,4.8
616,5066,1.4
617,9623,2.2
618,3697,1.6
619,8125,4.8
620,5388,4.5
621,7033,2.4
622,2401,3.1
623,1148,4.4
624,4572,3.1
625,1689,1.6
626,8252,2.9
627,4574,2.5
628,2976,2.7
629,2268,4.7
630,1023,3.8
631,3150,4.7
632,6904,1.5
633,2483,3.6
634,987,2.4
635,9834,1.1
636,6236,2.1
637,3738,1.2
638,1502,3.7
639,842,2.8
640,7352,3.0
641,6995,2.8
642,6467,3.8
643,9537,4.0
644,5905,1.2
645,9567,3.3
646,803,4.3
647,5199,1.9
648,8070,4.3
649,628,4.3
650,7658,2.3
651,2642,1.6
652,4966,3.2
653,9984,3.7
654,9222,5.0
655,5650,4.8
656,4796,3.9
657,8932,1.1
658,3173,4.5
659,4050,4.1
660,4909,3.5
661,7927,1.5
662,3275,3.9
663,1315,4.5
664,2074,2.0
665,6494,2.5
666,143,3.3
667,1980,4.2
668,9092,4.3
669,973,1.7
670,6147,1.6
671,6147,1.6
672,9182,1.8
673,1695,2.8
674,5258,1.7
675,1495,2.4
676,5434,3.9
677,1161,2.0
678,888,3.0
679,8593,3.5
680,3719,3.5
681,638,3.0
682,5965,2.9
683,688,3.1
684,767,4.7
685,8776,2.3
686,4001,2.5
687,874,3.4
688,6015,1.1
689,1157,4.5
690,53,1.0
691,6480,3.8
692,2876,3.3
693,9125,4.5
694,9323,4.1
695,5274,2.7
696,2946,3.7
697,7236,4.5
698,8086,4.8
699,3435,1.4
700,3017,2.6
701,2326,1.8
702,8631,1.6
703,2250,3.1
704,8026,3.2
705,8695,1.0
706,246,1.5
707,3540,4.7
708,257,2.4
709,9853,2.5
710,9061,3.6
711,2786,2.3
712,3437,4.8
713,3403,4.3
714,5900,1.7
715,2870,2.8
716,4677,4.8
717,1603,2.2
718,3390,2.4
719,9359,2.8
720,3056,1.5
721,5902,4.9
722,1823,4.4
723,3920,3.0
724,3781,3.0
725,96,1.5
726,4082,2.1
727,6827,2.6
728,2126,4.5
729,42,4.6
730,622,2.7
731,1200,3.7
732,6131,4.6
733,3892,1.6
734,8538,1.2
735,7333,2.4
736,64,4.5
737,2473,3.0
738,3301,2.7
739,4117,2.5
740,9449,1.5
741,7491,4.2
742,6732,4.5
743,6981,4.5
744,5275,1.2
745,4096,3.6
746,3038,4.3
747,6825,4.5
748,3361,1.4
749,2409,4.7
750,3927,1.2
751,9323,3.8
752,4063,3.0
753,2245,1.4
754,7138,3.3
755,8694,4.4
756,2118,1.6
757,337,4.4
758,5470,1.2
759,3421,2.8
760,9724,1.4
761,1480,2.2
762,7947,4.8
763,1622,3.3
764,8676,2.5
765,4677,2.7
766,6435,4.3
767,754,1.3
768,4521,3.8
769,8187,1.9
770,20,1.3
771,7630,4.6
772,5470,3.7
773,3915,3.9
774,3934,2.3
775,4719,1.9
776,9654,1.8
777,8047,4.5
778,7449,3.5
779,4521,4.7
780,6681,4.5
781,1535,3.5
782,2452,2.2
783,74,4.0
784,3080,1.1
785,8382,1.4
786,4958,3.5
787,3445,2.0
788,7088,3.6
789,2974,4.7
790,6845,1.1
791,940,1.9
792,8535,1.7
793,7873,2.0
794,4756,4.2
795,5788,3.2
796,2478,4.1
797,530,2.2
798,6316,2.7
799,1574,4.5
800,6103,4.0
801,4675,5.0
802,4475,2.1
803,3722,3.5
804,9256,3.7
805,5032,1.3
806,1560,1.5
807,6716,4.7
808,6098,2.5
809,8463,3.6
810,1397,1.6
811,2193,2.2
812,9941,1.5
813,374,2.1
814,6932,2.7
815,3007,2.2
816,2868,2.9
817,1552,4.4
818,7928,3.1
819,8606,4.3
820,2849,1.3
821,5550,4.1
822,3516,3.5
823,355,4.0
824,466,3.2
825,4501,3.7
826,4892,4.2
827,8241,1.4
828,9472,4.5
829,9165,3.1
830,5759,2.6
831,283,2.7
832,2081,1.2
833,6967,4.8
834,1818,1.6
835,8549,1.5
836,242,2.7
837,5713,4.5
838,9931,5.0
839,948,3.5
840,7439,4.5
841,6608,2.0
842,5630,2.3
843,4841,4.1
844,2589,2.0
845,9022,3.7
846,6379,4.1
847,565,3.7
848,9360,1.7
849,3562,4.3
850,3632,4.6
851,454,3.7
852,8931,2.4
853,8666,4.0
854,6101,1.6
855,7519,2.2
856,9562,4.1
857,4936,2.1
858,8792,1.1
859,5771,4.6
860,2260,2.8
861,9322,1.4
862,7065,2.0
863,4068,3.0
864,6967,2.4
865,5288,4.7
866,3645,2.1
867,484,3.0
868,7096,4.3
869,4461,2.4
870,7180,3.3
871,6762,4.0
872,5954,1.2
873,905,1.1
874,1278,3.8
875,4008,2.9
876,5560,2.8
877,1364,2.8
878,1123,3.2
879,6664,2.3
880,2667,1.9
881,5806,3.2
882,3229,1.6
883,6010,2.6
884,7295,1.7
885,9988,4.9
886,596,5.0
887,5495,2.5
888,8728,4.5
889,5036,2.7
890,4459,3.0
891,8325,4.3
892,9430,3.1
893,2642,4.5
894,5957,2.4
895,6302,1.4
896,4215,2.5
897,4707,1.2
898,28,1.5
899,2458,2.6
900,2983,3.7
901,6360,2.6
902,2933,2.5
903,3078,2.7
904,2021,1.4
905,3411,1.4
906,3730,2.9
907,5157,4.0
908,6419,2.7
909,5277,3.5
910,9712,2.6
911,3415,2.7
912,9418,4.7
913,2148,4.3
914,2851,3.4
915,5531,2.2
916,5577,3.1
917,8755,2.9
918,4251,4.7
919,1372,2.9
920,8680,4.5
921,4582,3.9
922,2418,1.1
923,5014,4.0
924,963,3.1
925,8692,2.3
926,7571,1.0
927,8032,4.9
928,4505,4.7
929,4703,1.2
930,5325,3.0
931,6499,3.5
932,5549,4.7
933,3042,3.7
934,6117,1.2
935,6366,2.8
936,9321,1.3
937,1445,1.9
938,4651,1.5
939,6292,2.1
940,3820,4.0
941,5169,2.2
942,4322,4.8
943,1939,1.5
944,8462,2.0
945,4465,3.1
946,6644,4.2
947,6621,4.8
948,5833,2.3
949,4172,3.1
950,3857,3.3
951,6125,1.7
952,60,3.1
953,916,1.8
954,1068,2.8
955,2674,3.5
956,3500,2.0
957,6008,1.3
958,9851,2.5
959,5870,1.2
960,1987,1.2
961,1488,3.4
962,6947,4.3
963,3920,3.2
964,2889,1.3
965,2588,1.5
966,839,1.7
967,1532,1.4
968,6625,2.6
969,8801,3.0
970,2749,1.1
971,1603,1.5
972,1031,3.7
973,3120,4.8
974,1773,1.6
975,6040,1.5
976,9900,4.9
977,7599,3.3
978,1314,2.7
979,8570,5.0
980,2524,2.3
981,7583,3.8
982,9173,4.1
983,3565,4.2
984,5236,4.6
985,5716,2.1
986,3399,3.5
987,2843,1.7
988,6956,4.6
989,1579,1.0
990,5707,4.3
991,1877,1.5
992,5410,3.5
993,4932,3.5
994,7166,2.1
995,5222,4.5
996,1527,1.2
997,418,2.8
998,4985,3.9
999,5151,3.8
1000,8604,3.9
1001,9185,5.0
1002,1604,2.1
1003,8814,2.3
1004,430,1.6
1005,458,1.3
1006,9363,4.9
1007,5513,4.5
1008,8903,2.9
1009,1322,3.6
1010,2725,2.8
1011,937,3.6
1012,8239,3.1
1013,7142,2.6
1014,2297,3.8
1015,6081,4.4
1016,2725,3.3
1017,7296,2.8
1018,4412,3.4
1019,8714,3.2
1020,1096,4.4
1021,9441,3.8
1022,8847,1.3
1023,8336,2.1
1024,254,3.2
1025,8108,4.1
1026,3965,3.8
1027,335,4.3
1028,4340,1.2
1029,6109,1.6
1030,4652,1.2
1031,7121,3.7
1032,8669,4.6
1033,5415,1.5
1034,4678,3.0
1035,28,1.7
1036,97,4.1
1037,6029,4.8
1038,944,4.6
1039,7016,3.0
1040,6767,2.1
1041,8588,4.2
1042,8425,3.2
1043,2324,1.3
1044,5936,4.3
1045,7189,1.1
1046,1093,3.0
1047,5866,1.7
1048,3176,4.3
1049,1329,2.6
1050,4761,2.6
1051,7151,1.5
1052,7434,3.8
1053,4651,4.9
1054,8277,3.8
1055,824,2.4
1056,4851,4.2
1057,8236,1.7
1058,52,4.9
1059,5269,3.9
1060,752,2.6
1061,4574,2.6
1062,1462,2.4
1063,3092,2.8
1064,9632,5.0
1065,1113,2.0
1066,9574,2.6
1067,5309,2.8
1068,6705,2.8
1069,3309,1.5
1070,6010,4.4
1071,6435,3.2
1072,2929,3.4
1073,153,1.6
1074,397,2.3
1075,9718,3.3
1076,9743,3.9
1077,2298,1.8
1078,4144,4.5
1079,707,4.8
1080,5901,2.3
1081,8455,4.0
1082,4667,4.9
1083,3575,4.6
1084,8169,1.8
1085,6379,2.6
1086,889,1.0
1087,7747,1.1
1088,2768,1.5
1089,1124,3.3
1090,5643,4.7
1091,701,3.8
1092,9245,2.5
1093,5148,3.2
1094,8944,4.3
1095,9352,2.9
1096,4216,3.9
1097,4310,4.2
1098,2298,1.4
1099,8337,3.9
1100,9948,4.2
1101,6616,2.5
1102,7674,3.6
1103,3748,2.6
1104,4815,3.6
1105,6285,1.9
1106,3768,4.5
1107,4024,2.4
1108,1677,4.1
1109,9706,2.7
1110,8692,3.6
1111,616,4.9
1112,2394,4.9
1113,2165,3.5
1114,3415,1.1
1115,9825,4.0
1116,1085,3.1
1117,4897,1.4
1118,3817,4.3
1119,8812,1.9
1120,7458,5.0
1121,5931,1.8
1122,4864,2.9
1123,4515,2.8
1124,5523,4.6
1125,3009,3.2
1126,8705,3.3
1127,3269,3.1
1128,1481,3.8
1129,7335,1.4
1130,7232,1.8
1131,2388,2.4
1132,8074,4.8
1133,4701,1.6
1134,327,3.7
1135,3898,3.1
1136,1727,1.8
1137,4652,2.5
1138,9765,4.2
1139,2146,2.0
1140,9853,1.5
1141,6621,1.9
1142,8041,2.2
1143,8351,3.2
1144,2884,2.9
1145,8379,3.1
1146,5583,4.1
1147,8365,2.7
1148,9979,2.7
1149,2712,1.8
1150,3575,2.7
1151,3831,4.6
1152,2770,1.6
1153,6382,1.2
1154,2173,1.9
1155,8014,1.9
1156,562,2.3
1157,8242,4.6
1158,2621,1.7
1159,4454,2.6
1160,9466,4.3
1161,1919,1.4
1162,9652,2.0
1163,8076,3.2
1164,6166,4.9
1165,7420,2.1
1166,7145,4.6
1167,2155,1.9
1168,3520,2.5
1169,8039,2.5
1170,2443,3.3
1171,1473,1.6
1172,8889,4.1
1173,3202,1.3
1174,9429,1.8
1175,550,2.2
1176,5005,2.5
1177,2050,3.3
1178,1683,2.2
1179,8695,4.5
1180,2873,3.2
1181,4699,3.0
1182,4697,1.1
1183,5929,4.8
1184,3852,4.3
1185,3479,4.2
1186,9555,3.5
1187,8376,1.3
1188,408,1.6
1189,2282,4.2
1190,8563,1.1
1191,4610,4.1
1192,9988,1.2
1193,3922,2.4
1194,2262,1.0
1195,4269,4.7
1196,2549,3.0
1197,4275,2.0
1198,166,1.6
1199,3339,3.0
1200,4310,1.1
1201,8121,4.5
1202,7508,3.4
1203,7735,4.8
1204,3583,2.2
1205,9629,2.2
1206,1940,3.1
1207,915,1.2
1208,9536,2.4
1209,7159,1.6
1210,7018,4.8
1211,3021,3.4
1212,1867,4.8
1213,6019,4.4
1214,1547,2.7
1215,4942,1.4
1216,3077,2.3
1217,7068,3.9
1218,3648,4.2
1219,1565,1.0
1220,6599,4.3
1221,1103,4.3
1222,8212,3.4
1223,105,1.7
1224,7011,4.8
1225,4602,1.7
1226,9385,3.3
1227,5460,4.6
1228,2585,2.3
1229,128,1.5
1230,355,3.5
1231,1155,3.0
1232,7054,3.5
1233,822,3.4
1234,6549,2.2
1235,9993,5.0
1236,2493,2.8
1237,7321,2.1
1238,9459,4.2
1239,1546,2.3
1240,3184,3.5
1241,5271,1.3
1242,4900,2.6
1243,9151,4.0
1244,2975,4.2
1245,4636,4.4
1246,5212,4.7
1247,8932,2.6
1248,3180,4.8
1249,71,4.3
1250,4627,4.7
1251,6952,4.5
1252,6108,4.7
1253,5880,2.6
1254,7369,2.9
1255,7031,1.4
1256,1813,2.9
1257,8066,2.9
1258,3731,1.9
1259,538,2.5
1260,2233,2.0
1261,6694,1.7
1262,601,3.3
1263,1667,2.0
1264,7950,1.9
1265,9431,3.8
1266,4603,2.4
1267,7273,2.8
1268,9988,2.9
1269,9300,2.2
1270,301,1.6
1271,9235,3.4
1272,739,4.2
1273,9056,2.8
1274,3364,2.2
1275,7065,1.5
1276,300,2.4
1277,7797,2.2
1278,8907,4.5
1279,5486,1.3
1280,9549,2.8
1281,1596,3.2
1282,6827,1.9
1283,1996,1.4
1284,5350,2.0
1285,2305,2.0
1286,1310,1.4
1287,4421,1.4
1288,8110,2.4
1289,2417,2.7
1290,1459,4.8
1291,6976,3.8
1292,7385,3.1
1293,1132,1.4
1294,339,2.8
1295,258,1.0
1296,8084,4.8
1297,3015,3.1
1298,4984,2.7
1299,5426,4.5
1300,514,3.4
1301,5859,2.8
1302,8034,4.3
1303,497,4.7
1304,815,4.1
1305,7881,2.2
1306,8020,4.7
1307,4519,3.1
1308,208,4.5
1309,7538,4.3
1310,6634,4.0
1311,2169,4.3
1312,8510,4.1
1313,4977,2.5
1314,9319,1.8
1315,8622,1.1
1316,4992,4.4
1317,4581,3.6
1318,1164,1.9
1319,1330,1.4
1320,4493,2.3
1321,1539,4.4
1322,3558,4.3
1323,6042,1.0
1324,2167,1.9
1325,8563,4.6
1326,8425,3.6
1327,8489,3.0
1328,145,3.6
1329,6154,1.6
1330,4591,4.1
1331,3614,2.5
1332,816,4.1
1333,5514,3.2
1334,3516,1.3
1335,7150,2.0
1336,8519,4.4
1337,7167,2.5
1338,2457,2.0
1339,3766,1.0
1340,4932,3.1
1341,7865,3.1
1342,956,3.7
1343,9690,1.6
1344,7660,3.2
1345,1676,2.0
1346,4638,3.5
1347,2264,2.3
1348,9097,2.3
1349,3540,4.4
1350,2108,4.3
1351,5542,3.5
1352,8272,3.4
1353,2656,2.8
1354,1757,2.1
1355,9116,3.0
1356,9247,2.7
1357,8026,1.5
1358,5285,2.2
1359,9910,2.0
1360,8534,2.6
1361,6183,1.6
1362,6037,3.8
1363,7219,5.0
1364,4169,3.4
1365,3384,1.4
1366,1352,1.1
1367,7402,4.4
1368,8430,1.5
1369,6130,4.7
1370,2458,1.4
1371,897,1.9
1372,4970,1.3
1373,4503,1.2
1374,5733,3.9
1375,7843,4.1
1376,9945,3.9
1377,4274,4.2
1378,3997,2.8
1379,829,1.1
1380,7148,3.6
1381,3277,4.3
1382,2359,2.4
1383,8028,2.0
1384,384,1.6
1385,6306,2.5
1386,7480,4.8
1387,5249,4.3
1388,3500,2.0
1389,5378,2.0
1390,5411,4.2
1391,7545,3.8
1392,6104,2.3
1393,6887,3.3
1394,4388,1.0
1395,9833,4.0
1396,2732,3.5
1397,4133,4.1
1398,2717,1.4
1399,2526,4.8
1400,5155,1.7
1401,6656,4.7
1402,7244,4.1
1403,744,4.0
1404,4481,1.4
1405,3424,3.8
1406,2275,2.7
1407,5020,2.7
1408,3241,3.5
1409,4206,1.3
1410,6066,3.4
1411,331,1.9
1412,4798,1.5
1413,8596,3.0
1414,9449,4.1
1415,4762,1.0
1416,4912,1.1
1417,4539,2.5
1418,1254,4.8
1419,1624,4.9
1420,4029,4.3
1421,5405,1.2
1422,2238,1.7
1423,1150,2.6
1424,6483,2.2
1425,7519,1.5
1426,7332,2.0
1427,3446,1.1
1428,1258,3.1
1429,1352,4.2
1430,9154,2.1
1431,635,4.4
1432,9302,2.5
1433,2352,3.6
1434,3503,3.5
1435,8680,2.5
1436,6573,2.4
1437,266,2.9
1438,4453,3.3
1439,9378,1.4
1440,6845,3.0
1441,3586,4.5
1442,8076,2.6
1443,7876,3.7
1444,4985,2.1
1445,3631,1.8
1446,5159,1.2
1447,6444,4.2
1448,5073,1.7
1449,3163,2.5
1450,7456,2.7
1451,7634,1.1
1452,433,1.2
1453,8824,1.5
1454,241,1.2
1455,4528,4.1
1456,4547,3.1
1457,3574,2.5
1458,5558,3.8
1459,9089,2.5
1460,5308,3.0
1461,7081,4.8
1462,1374,3.8
1463,8849,3.7
1464,9488,1.1
1465,8101,3.8
1466,7417,1.2
1467,4055,1.4
1468,1201,4.8
1469,308,1.8
1470,3388,3.3
1471,3948,3.4
1472,2674,2.4
1473,6416,2.2
1474,1834,1.0
1475,3464,1.7
1476,6476,1.4
1477,145,3.3
1478,7666,2.1
1479,672,3.9
1480,1607,4.0
1481,158,1.1
1482,5927,3.3
1483,7116,3.8
1484,2063,3.5
1485,6702,1.5
1486,5945,4.0
1487,5077,3.4
1488,3151,1.9
1489,3020,3.0
1490,6040,1.1
1491,1403,3.2
1492,7311,3.6
1493,3475,1.5
1494,5059,1.4
1495,4770,3.9
1496,2326,3.6
1497,9146,1.2
1498,9966,3.6
1499,4352,2.4
1500,4545,1.7
1501,2204,2.7
1502,6353,4.6
1503,8995,3.3
1504,975,3.0
1505,2900,3.8
1506,3101,4.8
1507,9797,1.6
1508,702,3.5
1509,7271,4.7
1510,2495,1.3
1511,8639,2.6
1512,89,1.2
1513,3804,4.4
1514,678,3.7
1515,6855,4.5
1516,1815,4.4
1517,1196,1.4
1518,1448,3.2
1519,3655,4.3
1520,6770,1.2
1521,8167,4.7
1522,4221,1.3
1523,4843,4.7
1524,9110,3.4
1525,8507,2.3
1526,919,3.7
1527,4607,3.9
1528,8582,3.9
1529,7044,3.4
1530,3086,2.5
1531,4463,4.3
1532,9650,2.0
1533,9136,4.5
1534,5242,3.8
1535,543,3.1
1536,7850,4.1
1537,8183,4.3
1538,1901,2.5
1539,3996,3.4
1540,85,2.4
1541,9710,2.7
1542,1729,4.9
1543,1195,4.4
1544,4001,2.0
1545,4924,4.5
1546,4579,2.9
1547,3550,2.1
1548,4338,1.4
1549,6186,4.1
1550,8401,2.5
1551,3785,4.7
1552,1577,3.4
1553,3549,3.3
1554,4138,1.8
1555,3133,2.9
1556,270,2.6
1557,6736,2.3
1558,2762,4.5
1559,3766,3.2
1560,1020,1.4
1561,689,1.7
1562,6639,4.2
1563,7246,2.7
1564,949,3.9
1565,8332,3.2
1566,2754,3.9
1567,2645,2.3
1568,1876,3.2
1569,1545,1.1
1570,4009,3.0
1571,7389,4.3
1572,6466,4.8
1573,7667,1.4
1574,4471,1.2
1575,4159,4.7
1576,2210,1.4
1577,4161,3.0
1578,5325,2.8
1579,8041,4.4
1580,3513,3.9
1581,9425,4.9
1582,2868,2.2
1583,1613,3.7
1584,9700,1.5
1585,6285,2.9
1586,6913,2.4
1587,7338,4.3
1588,9666,2.2
1589,6974,3.2
1590,6500,3.0
1591,7934,1.2
1592,7147,1.7
1593,2413,1.1
1594,3768,2.9
1595,1302,2.5
1596,8188,1.9
1597,3871,2.5
1598,8696,4.1
1599,515,2.8
1600,4149,2.8
1601,7841,3.1
1602,3587,3.0
1603,1497,3.9
1604,4877,1.7
1605,9687,3.9
1606,5915,4.5
1607,9788,4.2
1608,4029,4.6
1609,8871,2.1
1610,7677,2.7
1611,2847,2.2
1612,5785,5.0
1613,7389,2.5
1614,6603,2.4
1615,9560,3.5
1616,5576,3.7
1617,8605,2.1
1618,9556,4.5
1619,687,1.4
1620,823,2.0
1621,6510,1.9
1622,9920,3.2
1623,8,3.9
1624,3044,2.2
1625,1800,3.2
1626,3097,4.4
1627,3213,4.8
1628,4279,3.6
1629,4607,4.0
1630,1696,4.3
1631,9417,3.9
1632,984,3.1
1633,3201,1.7
1634,7556,1.9
1635,4242,4.2
1636,3064,4.4
1637,1664,2.1
1638,9715,1.5
1639,2858,3.7
1640,5415,2.3
1641,7561,4.5
1642,5967,3.6
1643,231,3.6
1644,6672,1.2
1645,537,3.2
1646,8871,3.8
1647,2327,4.2
1648,5794,4.9
1649,4310,2.2
1650,4620,4.9
1651,4263,2.1
1652,1893,1.5
1653,9936,4.2
1654,4069,1.1
1655,9860,4.4
1656,4199,1.8
1657,2478,1.2
1658,8784,3.3
1659,9159,3.9
1660,8982,1.5
1661,6502,2.6
1662,1022,1.9
1663,8214,3.3
1664,1002,2.9
1665,1686,3.5
1666,8056,1.0
1667,8260,1.7
1668,2558,4.4
1669,3769,1.5
1670,3113,4.3
1671,7450,1.9
1672,213,1.5
1673,3594,1.1
1674,5903,3.3
1675,6988,1.7
1676,2574,1.8
1677,4604,1.9
1678,2617,3.0
1679,8738,1.0
1680,8624,4.8
1681,5295,1.6
1682,3038,2.0
1683,8197,2.0
1684,2125,2.9
1685,7379,1.9
1686,9508,1.3
1687,5057,2.9
1688,1332,2.0
1689,9779,2.1
1690,3544,2.9
1691,8759,1.1
1692,4787,4.6
1693,2139,3.3
1694,2763,2.3
1695,4208,2.5
1696,3279,4.3
1697,4888,2.4
1698,2018,1.8
1699,926,4.3
1700,4843,2.9
1701,2683,2.5
1702,6524,3.7
1703,5887,1.4
1704,9880,3.7
1705,1415,1.5
1706,1326,2.4
1707,4528,2.6
1708,352,2.4
1709,5605,4.6
1710,3651,2.7
1711,9063,1.6
1712,5227,1.7
1713,3491,4.3
1714,919,2.9
1715,8689,2.2
1716,6923,3.4
1717,8604,4.8
1718,3228,2.1
1719,9718,3.0
1720,6844,4.7
1721,3379,4.4
1722,4995,3.3
1723,3878,4.1
1724,4763,3.3
1725,5429,2.8
1726,7074,2.3
1727,2764,2.7
1728,3694,4.4
1729,4276,2.1
1730,2401,2.5
1731,3514,4.1
1732,1413,4.0
1733,9714,1.9
1734,4238,1.9
1735,3073,3.3
1736,6895,2.1
1737,8399,2.4
1738,4118,1.5
1739,885,2.5
1740,347,1.1
1741,7628,3.2
1742,2275,1.5
1743,4924,1.5
1744,4607,3.1
1745,6408,3.3
1746,9451,3.5
1747,9216,3.2
1748,1841,3.4
1749,728,4.0
1750,1530,4.8
1751,157,4.8
1752,4253,3.4
1753,8563,3.4
1754,4772,4.3
1755,6682,2.1
1756,4008,2.9
1757,1435,4.9
1758,8763,1.1
1759,8735,3.8
1760,7046,2.7
1761,3241,2.0
1762,1236,1.4
1763,5667,2.0
1764,5900,2.3
1765,6831,1.5
1766,3559,4.2
1767,1686,5.0
1768,916,5.0
1769,7856,1.5
1770,8457,4.9
1771,5768,2.6
1772,303,1.9
1773,8016,4.9
1774,5046,1.5
1775,7529,1.1
1776,5645,1.2
1777,2490,3.6
1778,6382,1.0
1779,662,4.9
1780,9691,4.4
1781,7491,1.2
1782,3618,2.1
1783,8965,2.4
1784,5110,3.9
1785,4909,2.4
1786,1822,2.4
1787,5919,2.4
1788,6590,2.5
1789,3387,4.8
1790,2132,2.9
1791,1056,3.6
1792,7130,1.2
1793,476,4.2
1794,3424,2.6
1795,6213,4.4
1796,352,4.5
1797,9939,1.6
1798,648,2.0
1799,330,4.6
1800,5254,4.2
1801,6272,2.0
1802,9449,4.5
1803,2900,4.0
1804,4007,3.8
1805,1092,4.8
1806,1446,4.7
1807,4379,2.1
1808,833,4.4
1809,521,1.4
1810,330,2.4
1811,329,3.9
1812,7333,2.6
1813,9742,3.2
1814,2966,1.9
1815,7860,1.9
1816,816,2.0
1817,7480,3.2
1818,2870,2.2
1819,8240,3.6
1820,5116,2.2
1821,1702,3.1
1822,4236,3.2
1823,5256,2.5
1824,6648,3.1
1825,7225,2.5
1826,8357,4.6
1827,96,4.0
1828,9452,2.1
1829,4043,2.9
1830,5240,2.0
1831,9779,2.7
1832,305,2.0
1833,1016,1.7
1834,7182,3.6
1835,4294,4.4
1836,6170,3.7
1837,5065,2.4
1838,9604,2.0
1839,4985,1.5
1840,7128,4.2
1841,2853,4.8
1842,4727,1.0
1843,3134,4.2
1844,9776,2.6
1845,9619,1.1
1846,271,3.3
1847,954,2.0
1848,7756,4.8
1849,993,2.9
1850,3853,4.3
1851,4499,3.6
1852,8107,2.5
1853,6914,4.4
1854,6186,3.8
1855,2902,2.6
1856,9764,3.1
1857,6627,1.9
1858,7209,2.7
1859,1770,3.6
1860,675,2.9
1861,3635,2.2
1862,4852,3.4
1863,2550,1.0
1864,1858,4.4
1865,6472,2.9
1866,5340,3.4
1867,3803,1.7
1868,3411,3.8
1869,4661,3.0
1870,5587,2.1
1871,2726,1.3
1872,856,4.5
1873,9215,2.5
1874,4759,2.8
1875,1987,2.3
1876,5471,2.9
1877,2463,2.4
1878,7837,1.4
1879,9871,3.1
1880,3814,1.0
1881,2603,2.8
1882,8834,3.7
1883,6250,3.7
1884,9723,1.1
1885,8029,2.5
1886,180,4.2
1887,9191,1.8
1888,2518,2.8
1889,6969,3.4
1890,7981,2.5
1891,234,4.4
1892,4433,4.2
1893,5917,2.3
1894,5166,1.4
1895,3309,2.3
1896,3297,3.2
1897,3598,4.1
1898,2400,4.6
1899,2377,1.0
1900,7990,4.4
1901,2021,1.1
1902,7488,3.4
1903,4786,4.8
1904,5832,2.9
1905,8656,4.4
1906,1419,3.6
1907,3158,1.6
1908,1303,2.6
1909,1195,2.4
1910,1803,1.6
1911,7286,4.8
1912,3554,4.3
1913,7856,2.7
1914,5944,4.1
1915,2921,4.9
1916,7360,4.8
1917,645,3.3
1918,6475,2.7
1919,3530,3.9
1920,3899,2.3
1921,1675,4.0
1922,2411,1.8
1923,7169,4.3
1924,4538,4.4
1925,6972,3.4
1926,1329,4.4
1927,2230,2.2
1928,6096,4.3
1929,1379,1.3
1930,2644,3.6
1931,6073,2.4
1932,3359,4.4
1933,6522,1.4
1934,7741,1.7
1935,5010,4.3
1936,4213,1.9
1937,4674,2.5
1938,4476,3.1
1939,1596,4.3
1940,5385,1.8
1941,847,2.3
1942,2024,1.8
1943,546,1.7
1944,4692,2.0
1945,620,2.2
1946,1934,2.9
1947,5211,2.0
1948,416,1.9
1949,2522,3.0
1950,160,1.5
1951,6070,4.3
1952,7319,1.1
1953,9532,4.6
1954,3440,1.9
1955,493,2.8
1956,3843,4.1
1957,6441,4.5
1958,6061,1.8
1959,6831,2.1
1960,7974,4.0
1961,3991,3.0
1962,5521,3.8
1963,919,2.6
1964,1354,2.6
1965,143,4.6
1966,7424,3.1
1967,2692,1.5
1968,8617,2.3
1969,1813,4.0
1970,5078,1.4
1971,8578,1.3
1972,635,4.5
1973,2601,2.1
1974,7317,2.3
1975,8335,1.8
1976,9922,2.1
1977,9533,3.6
1978,473,2.0
1979,825,4.7
1980,8615,4.1
1981,2834,4.9
1982,7868,1.1
1983,500,4.0
1984,4847,4.6
1985,9853,2.7
1986,7694,2.8
1987,4237,1.3
1988,4652,2.0
1989,6878,3.6
1990,1849,2.3
1991,125,4.8
1992,7149,3.8
1993,3520,3.6
1994,3136,1.3
1995,8605,2.2
1996,294,3.3
1997,3053,3.0
1998,5879,4.4
1999,6191,1.2
2000,278,1.4
2001,1747,1.8
2002,7367,3.8
2003,8776,3.5
2004,4102,2.2
2005,2018,4.8
2006,3841,3.8
2007,4358,2.1
2008,1736,1.5
2009,9250,1.9
2010,5532,1.9
2011,4236,2.5
2012,2303,1.9
2013,9613,3.4
2014,5729,2.8
2015,5012,2.3
2016,8166,1.4
2017,2560,2.9
2018,828,3.9
2019,1986,2.2
2020,2852,1.1
2021,7124,3.6
2022,752,4.7
2023,4217,2.7
2024,9172,1.0
2025,1655,1.4
2026,6849,3.0
2027,5769,2.0
2028,3524,3.5
2029,4154,3.8
2030,3814,4.0
2031,4825,1.0
2032,9953,2.6
2033,3020,3.7
2034,2892,3.9
2035,3766,4.4
2036,1618,2.4
2037,6067,2.4
2038,7873,1.6
2039,7048,1.8
2040,229,2.1
2041,7368,3.5
2042,4344,2.9
2043,5646,3.6
2044,5143,4.5
2045,6715,4.8
2046,3586,3.8
2047,3251,2.1
2048,4392,2.7
2049,9113,1.5
2050,6062,2.0
2051,5539,4.7
2052,3718,2.0
2053,5705,3.4
2054,1775,5.0
2055,8999,2.4
2056,9465,4.8
2057,2475,1.8
2058,1928,3.4
2059,667,4.4
2060,8426,4.6
2061,6900,4.7
2062,1256,3.7
2063,7439,4.2
2064,4040,2.8
2065,4325,1.3
2066,9377,2.0
2067,9293,4.3
2068,8879,3.1
2069,3698,1.3
2070,8217,1.8
2071,7122,2.6
2072,8575,3.8
2073,626,2.8
2074,7943,2.8
2075,4853,1.2
2076,3285,4.3
2077,6119,3.7
2078,2536,3.3
2079,10,4.6
2080,6579,4.3
2081,5457,4.2
2082,9892,2.1
2083,8419,1.5
2084,7153,2.5
2085,509,2.5
2086,6959,1.6
2087,3721,2.9
2088,1127,3.9
2089,9514,4.5
2090,3500,2.6
2091,9610,2.7
2092,6966,1.9
2093,8574,1.2
2094,3248,2.7
2095,3658,4.7
2096,1644,1.8
2097,8069,1.5
2098,1073,3.4
2099,5980,3.7
2100,6778,1.4
2101,6396,3.6
2102,4691,2.5
2103,5368,3.3
2104,2531,3.9
2105,1387,1.7
2106,6090,3.4
2107,8621,4.3
2108,503,2.4
2109,3030,5.0
2110,8296,2.6
2111,6920,2.8
2112,7349,4.8
2113,5481,2.5
2114,7619,4.6
2115,3692,1.4
2116,8849,2.1
2117,9970,4.3
2118,2758,4.2
2119,9751,3.7
2120,7310,4.3
2121,1921,1.2
2122,638,4.5
2123,863,4.7
2124,1818,4.8
2125,2926,2.5
2126,4771,3.6
2127,7548,1.5
2128,5354,3.8
2129,499,3.1
2130,5564,2.7
2131,6612,3.4
2132,7030,3.5
2133,974,4.6
2134,9555,1.9
2135,4214,4.2
2136,4481,2.6
2137,7847,1.9
2138,9300,4.3
2139,152,2.2
2140,2049,1.4
2141,7967,1.8
2142,4243,1.1
2143,8719,3.3
2144,7102,4.5
2145,6984,4.4
2146,4605,3.5
2147,8977,3.8
2148,3897,4.1
2149,2012,4.8
2150,6318,4.3
2151,1903,3.1
2152,3747,4.4
2153,8833,3.6
2154,401,4.0
2155,3215,4.5
2156,6969,1.4
2157,8575,2.2
2158,5975,4.4
2159,2643,1.5
2160,6918,2.0
2161,5188,1.6
2162,3793,3.8
2163,2520,3.2
2164,6694,4.8
2165,8448,4.6
2166,9808,1.6
2167,4346,2.8
2168,9050,4.6
2169,4670,2.1
2170,6852,2.5
2171,3263,2.0
2172,9214,2.0
2173,663,2.6
2174,6011,1.3
2175,5612,1.7
2176,4606,4.1
2177,5510,3.9
2178,6298,4.3
2179,2201,4.6
2180,4277,4.2
2181,9950,2.5
2182,1699,3.1
2183,9817,2.5
2184,7122,3.9
2185,7544,2.2
2186,8254,4.4
2187,8663,4.4
2188,1567,3.8
2189,9641,4.9
2190,3201,4.6
2191,8179,3.9
2192,3831,2.9
2193,982,4.8
2194,5087,4.7
2195,5961,3.2
2196,5971,3.3
2197,4849,1.3
2198,3832,1.5
2199,6890,3.8
2200,8984,3.3
2201,3488,1.4
2202,404,2.8
2203,2215,1.2
2204,9481,4.4
2205,796,1.1
2206,6140,3.0
2207,6719,3.8
2208,6056,4.3
2209,4930,4.7
2210,7765,4.8
2211,2737,3.4
2212,1926,1.2
2213,4866,3.8
2214,2235,3.6
2215,8288,1.4
2216,2825,2.4
2217,5412,3.4
2218,4210,1.9
2219,7839,2.3
2220,6992,1.6
2221,2836,3.5
2222,1101,2.7
2223,2488,3.4
2224,534,3.4
2225,1473,1.9
2226,5976,4.8
2227,1156,1.7
2228,4545,1.8
2229,8229,1.1
2230,3846,3.7
2231,3264,2.1
2232,4679,4.1
2233,784,1.2
2234,8306,3.7
2235,9955,2.1
2236,2178,2.1
2237,3320,2.5
2238,2268,4.9
2239,9287,1.1
2240,4506,2.7
2241,7347,2.4
2242,9242,4.6
2243,643,1.8
2244,9581,2.9
2245,6186,4.9
2246,1905,1.6
2247,8416,2.7
2248,639,2.5
2249,1958,4.0
2250,5761,2.2
2251,1769,4.3
2252,7226,4.4
2253,5293,2.6
2254,1841,4.7
2255,8777,3.6
2256,7139,4.2
2257,3909,4.7
2258,7989,1.3
2259,7330,1.3
2260,6693,2.8
2261,1298,3.7
2262,8474,1.2
2263,9995,4.8
2264,9923,3.1
2265,2485,1.3
2266,9619,3.5
2267,7126,4.5
2268,4403,3.1
2269,3066,4.8
2270,4694,2.3
2271,9888,4.5
2272,8459,3.6
2273,5631,4.9
2274,6540,3.5
2275,7529,5.0
2276,8553,3.6
2277,1748,4.6
2278,963,4.2
2279,2375,4.4
2280,5272,4.6
2281,875,2.3
2282,736,2.7
2283,5169,4.8
2284,8194,1.1
2285,9928,3.4
2286,6682,1.3
2287,207,3.0
2288,8339,4.0
2289,487,4.2
2290,9698,1.6
2291,9848,1.9
2292,93,4.8
2293,5055,1.8
2294,2363,4.1
2295,2848,3.1
2296,9751,4.0
2297,7281,2.9
2298,8351,1.8
2299,6456,2.7
2300,4176,4.7
2301,8753,4.8
2302,5885,2.2
2303,7451,2.1
2304,288,3.6
2305,6715,2.4
2306,8322,3.7
2307,7627,3.4
2308,7854,1.2
2309,8562,4.9
2310,8591,2.4
2311,4310,4.2
2312,4343,2.9
2313,1592,4.5
2314,2781,1.2
2315,2321,4.4
2316,3501,3.4
2317,6436,1.3
2318,2110,4.7
2319,2862,5.0
2320,3279,3.8
2321,8496,3.0
2322,4096,4.7
2323,6774,4.5
2324,880,2.8
2325,7485,1.2
2326,6840,4.1
2327,7112,4.0
2328,6675,2.8
2329,6408,4.7
2330,1488,3.1
2331,9104,3.6
2332,5007,4.2
2333,5925,3.6
2334,4465,2.1
2335,9719,5.0
2336,2267,1.1
2337,1336,4.9
2338,1175,1.6
2339,8004,1.2
2340,4469,2.2
2341,3931,1.4
2342,1336,2.4
2343,7342,4.8
2344,2971,4.0
2345,1813,3.7
2346,999,3.8
2347,4185,1.2
2348,8863,4.7
2349,4329,1.2
2350,4313,2.7
2351,204,5.0
2352,4668,1.6
2353,6267,3.6
2354,3755,2.6
2355,9118,4.2
2356,9359,4.2
2357,3587,2.2
2358,7385,5.0
2359,7411,1.1
2360,9397,1.3
2361,6273,1.4
2362,3837,4.1
2363,6137,1.0
2364,383,3.6
2365,4112,4.0
2366,7594,4.9
2367,5462,1.0
2368,6218,1.3
2369,389,3.0
2370,6886,1.6
2371,2057,2.1
2372,2720,4.5
2373,9681,3.5
2374,6587,4.7
2375,642,3.9
2376,4355,2.5
2377,3345,1.2
2378,2508,2.8
2379,5590,4.5
2380,9568,4.7
2381,1404,3.6
2382,701,2.5
2383,9389,3.3
2384,3950,2.5
2385,8741,1.8
2386,9579,2.8
2387,5186,1.5
2388,5675,1.8
2389,6213,3.3
2390,370,3.0
2391,6015,1.3
2392,7431,1.7
2393,1783,3.9
2394,7746,3.7
2395,9264,1.4
2396,6872,3.8
2397,6386,2.4
2398,348,4.9
2399,2575,4.4
2400,7597,1.2
2401,397,1.5
2402,8640,1.6
2403,1982,1.2
2404,1984,1.9
2405,4638,4.7
2406,6361,4.2
2407,7517,1.6
2408,6577,1.4
2409,1304,2.3
2410,896,3.8
2411,5927,2.1
2412,5291,3.8
2413,7215,4.7
2414,9643,4.7
2415,595,2.4
2416,1163,1.4
2417,967,1.2
2418,4442,2.4
2419,7792,2.3
2420,2056,4.8
2421,4806,2.5
2422,8957,2.6
2423,4717,3.2
2424,6204,4.7
2425,7109,2.7
2426,9672,1.9
2427,5561,1.7
2428,4200,3.6
2429,6867,4.4
2430,3269,3.6
2431,8891,1.7
2432,2615,2.6
2433,6473,2.2
2434,2997,1.2
2435,6779,4.6
2436,3334,4.5
2437,9069,3.2
2438,3515,4.9
2439,7304,3.8
2440,9413,1.8
2441,1085,3.5
2442,7760,1.2
2443,2295,1.2
2444,6908,4.8
2445,3733,1.5
2446,2703,1.7
2447,8427,1.0
2448,3614,1.6
2449,3934,1.5
2450,9089,4.7
2451,6971,1.2
2452,1004,1.7
2453,9881,1.6
2454,603,1.8
2455,3133,2.1
2456,2807,3.0
2457,8281,4.4
2458,7302,1.4
2459,3513,1.6
2460,7368,3.2
2461,6313,4.3
2462,9711,4.5
2463,6382,2.1
2464,9920,1.5
2465,8963,3.4
2466,5335,4.4
2467,628,4.8
2468,8333,1.1
2469,9150,3.4
2470,3181,2.0
2471,3679,1.1
2472,8689,4.4
2473,4014,1.8
2474,9787,5.0
2475,1472,4.0
2476,4359,4.7
2477,4746,1.7
2478,4801,4.0
2479,5702,2.0
2480,7817,3.0
2481,3239,2.7
2482,6257,4.1
2483,1342,2.3
2484,6975,2.4
2485,9995,4.5
2486,3366,2.6
2487,3321,1.8
2488,867,2.4
2489,2582,2.3
2490,2799,2.4
2491,9988,4.8
2492,7567,4.8
2493,8996,4.2
2494,5297,1.5
2495,7587,3.8
2496,4688,3.3
2497,9713,1.9
2498,1434,3.1
2499,9281,3.4
2500,7465,4.4
2501,3094,1.9
2502,1955,1.7
2503,4195,2.0
2504,3277,2.2
2505,3364,4.3
2506,7868,4.3
2507,8551,2.3
2508,8537,2.0
2509,3207,4.5
2510,3575,4.7
2511,7071,4.0
2512,4771,2.9
2513,540,2.5
2514,0,3.8
2515,9561,3.5
2516,2127,4.9
2517,4865,3.9
2518,5815,3.5
2519,9683,2.2
2520,6886,1.8
2521,7065,2.3
2522,3391,1.5
2523,4447,3.5
2524,8289,2.6
2525,3688,4.7
2526,2524,3.5
2527,8751,2.2
2528,8951,2.0
2529,3685,4.8
2530,726,1.5
2531,8541,1.7
2532,5604,1.7
2533,1089,2.5
2534,3229,2.3
2535,9257,4.3
2536,8029,3.0
2537,717,5.0
2538,5057,4.4
2539,5203,2.4
2540,7925,1.5
2541,8144,1.8
2542,2388,3.5
2543,6967,2.6
2544,7,3.4
2545,9950,3.4
2546,4873,1.7
2547,2033,4.1
2548,2782,4.4
2549,8588,1.7
2550,562,2.4
2551,9242,2.9
2552,2620,4.7
2553,7232,4.4
2554,207,3.1
2555,9668,1.3
2556,7946,2.7
2557,1525,5.0
2558,4479,4.9
2559,7368,1.8
2560,7368,3.6
2561,8443,2.0
2562,8291,3.9
2563,4704,4.4
2564,311,3.4
2565,6917,4.3
2566,4050,4.2
2567,8247,1.4
2568,5233,3.0
2569,8965,4.4
2570,4317,1.4
2571,7243,2.6
2572,1229,1.8
2573,2782,4.1
2574,9882,1.2
2575,8094,3.1
2576,2602,4.5
2577,3194,4.2
2578,1322,1.8
2579,1145,4.4
2580,9086,2.2
2581,9295,2.6
2582,2090,2.0
2583,6054,2.9
2584,572,1.1
2585,9218,1.0
2586,7490,1.1
2587,4508,3.3
2588,6261,2.5
2589,6741,2.4
2590,2945,3.1
2591,9551,1.9
2592,2626,1.2
2593,3496,3.5
2594,6375,4.8
2595,7704,2.7
2596,991,2.1
2597,2885,4.9
2598,6542,3.7
2599,8545,3.3
2600,6240,1.8
2601,4592,4.1
2602,9130,2.3
2603,8819,3.8
2604,4407,3.9
2605,4181,2.1
2606,196,3.0
2607,1725,3.5
2608,3157,2.3
2609,2458,1.0
2610,7898,2.0
2611,2239,2.7
2612,7558,1.1
2613,7275,3.0
2614,6469,2.9
2615,1554,4.9
2616,8662,2.8
2617,8592,2.3
2618,9565,4.4
2619,2772,3.9
2620,7171,3.0
2621,6054,1.6
2622,4422,4.0
2623,1564,1.9
2624,8462,1.9
2625,2606,4.2
2626,3500,2.7
2627,5393,2.5
2628,8793,2.3
2629,1702,1.2
2630,8345,1.6
2631,2163,2.1
2632,1166,1.5
2633,5142,3.6
2634,7720,2.0
2635,4776,4.8
2636,6708,4.4
2637,6288,3.1
2638,2390,1.2
2639,5133,3.9
2640,8123,1.1
2641,1751,2.1
2642,2015,4.4
2643,3518,3.1
2644,4216,4.5
2645,3714,2.9
2646,9862,1.3
2647,9626,2.8
2648,9139,2.5
2649,3906,1.3
2650,2380,2.3
2651,5185,1.8
2652,4639,4.5
2653,1773,3.0
2654,4071,3.9
2655,1711,1.6
2656,5757,3.0
2657,6931,4.4
2658,8621,2.2
2659,4065,4.1
2660,241,4.4
2661,8840,1.8
2662,6418,3.1
2663,7159,4.7
2664,4541,2.8
2665,7559,2.0
2666,5785,4.8
2667,5371,4.4
2668,993,1.3
2669,491,4.7
2670,7930,3.1
2671,1918,3.2
2672,1129,2.8
2673,4231,1.7
2674,4662,1.2
2675,1888,3.0
2676,3493,1.5
2677,1335,3.3
2678,7029,4.0
2679,1215,3.7
2680,2104,4.7
2681,4750,3.5
2682,8862,4.7
2683,7650,2.0
2684,6207,1.6
2685,8108,2.7
2686,548,4.0
2687,5963,3.6
2688,6329,1.8
2689,4228,3.3
2690,9161,1.9
2691,687,2.5
2692,1896,4.9
2693,7610,4.6
2694,2663,4.0
2695,9788,4.2
2696,9607,3.6
2697,8486,3.8
2698,7259,1.9
2699,2668,2.4
2700,1637,4.0
2701,2792,3.1
2702,3785,1.9
2703,1130,4.4
2704,4926,2.2
2705,9607,2.7
2706,2409,1.8
2707,6642,2.1
2708,5572,2.3
2709,2886,2.3
2710,9482,4.1
2711,5036,2.6
2712,5828,1.6
2713,1683,4.7
2714,974,2.9
2715,2858,1.1
2716,3429,2.4
2717,4915,4.2
2718,4490,4.9
2719,373,4.3
2720,8479,3.3
2721,8827,4.2
2722,8722,4.5
2723,8249,2.2
2724,9889,4.6
2725,8755,4.4
2726,5383,4.1
2727,9199,4.4
2728,5998,4.5
2729,1426,2.6
2730,6865,1.4
2731,9887,3.5
2732,7921,4.8
2733,8865,1.9
2734,1939,1.1
2735,2680,3.6
2736,1611,1.1
2737,9528,4.6
2738,4124,2.1
2739,7537,3.4
2740,3863,2.5
2741,929,3.9
2742,9164,4.6
2743,1887,4.1
2744,2966,3.0
2745,8083,4.8
2746,9131,1.9
2747,4916,1.3
2748,697,1.4
2749,4091,2.7
2750,2295,4.0
2751,7011,1.8
2752,5966,2.8
2753,3231,4.8
2754,1774,1.7
2755,980,3.6
2756,4657,2.2
2757,4216,4.2
2758,7871,3.8
2759,5153,2.0
2760,1439,1.9
2761,3693,2.9
2762,2110,2.6
2763,6421,3.8
2764,3775,2.0
2765,7286,2.7
2766,3038,3.5
2767,9079,1.8
2768,1789,2.9
2769,6683,4.2
2770,4898,4.4
2771,9488,1.0
2772,3342,4.3
2773,940,1.6
2774,5069,2.0
2775,7740,3.9
2776,6797,3.9
2777,807,3.0
2778,8945,1.4
2779,2345,4.6
2780,3384,4.8
2781,8107,4.1
2782,2389,3.2
2783,9677,2.2
2784,8294,5.0
2785,7892,2.1
2786,5401,3.7
2787,1944,3.8
2788,9229,1.6
2789,6925,4.4
2790,7965,3.4
2791,332,4.4
2792,6202,3.3
2793,8996,1.2
2794,5941,4.0
2795,5426,2.0
2796,8654,3.5
2797,5620,4.9
2798,7700,1.6
2799,7977,1.8
2800,2802,3.4
2801,886,3.5
2802,643,2.8
2803,4503,2.6
2804,6636,1.9
2805,2257,4.9
2806,1987,2.6
2807,1225,1.4
2808,4762,2.9
2809,235,3.8
2810,777,4.4
2811,9913,2.3
2812,4493,2.6
2813,7119,4.1
2814,292,2.2
2815,5218,3.5
2816,9945,3.6
2817,3,4.5
2818,329,4.2
2819,8968,4.0
2820,1635,3.0
2821,2123,2.9
2822,9209,2.9
2823,243,3.3
2824,3375,3.5
2825,6734,3.9
2826,5399,2.5
2827,4442,3.2
2828,5252,2.3
2829,3749,2.0
2830,8596,1.1
2831,7019,1.7
2832,9635,2.4
2833,6604,2.2
2834,4689,3.2
2835,7314,2.9
2836,3855,2.2
2837,5936,2.5
2838,5408,3.6
2839,5149,1.6
2840,6176,3.0
2841,7921,2.5
2842,2000,1.0
2843,2192,3.9
2844,4224,4.6
2845,5338,3.0
2846,6136,4.0
2847,8030,4.8
2848,1853,2.4
2849,6797,3.1
2850,3066,3.1
2851,2391,3.6
2852,6950,2.6
2853,6385,1.4
2854,9908,3.2
2855,5362,2.3
2856,6769,4.9
2857,5884,2.4
2858,1429,3.6
2859,3213,2.4
2860,9061,4.4
2861,339,3.8
2862,7512,2.1
2863,888,1.9
2864,8317,5.0
2865,5116,4.0
2866,3526,1.1
2867,1868,1.7
2868,8992,2.9
2869,5984,1.2
2870,9471,4.9
2871,980,3.3
2872,4962,4.8
2873,8658,4.7
2874,3554,3.5
2875,9987,1.1
2876,6026,3.9
2877,9937,2.7
2878,5149,4.5
2879,6045,4.4
2880,2652,3.8
2881,6783,4.6
2882,9980,4.7
2883,7713,4.1
2884,3536,4.7
2885,2265,2.0
2886,3755,4.6
2887,9549,2.4
2888,5409,1.5
2889,1736,1.8
2890,2734,4.1
2891,8693,1.7
2892,5082,3.1
2893,7968,5.0
2894,706,4.2
2895,2489,3.6
2896,6630,3.7
2897,2040,2.3
2898,6450,3.4
2899,4874,5.0
2900,9255,1.1
2901,9179,1.7
2902,8083,4.5
2903,3413,1.4
2904,598,1.8
2905,150,2.5
2906,5816,2.7
2907,4175,2.7
2908,5247,4.6
2909,8523,3.3
2910,1512,1.6
2911,284,3.2
2912,7911,3.7
2913,5556,4.5
2914,6825,3.9
2915,4349,2.6
2916,1884,2.8
2917,2744,4.2
2918,7746,1.1
2919,9789,2.0
2920,7622,2.1
2921,2198,4.7
2922,6643,4.6
2923,1169,3.4
2924,3997,4.3
2925,7334,1.4
2926,911,2.5
2927,8611,2.6
2928,5484,3.4
2929,2047,3.6
2930,8449,1.6
2931,5191,4.6
2932,4510,3.1
2933,6909,3.0
2934,1882,4.8
2935,2754,1.1
2936,2303,2.6
2937,6476,3.4
2938,1302,1.1
2939,9923,2.6
2940,7884,2.8
2941,6408,1.3
2942,3047,2.3
2943,6901,4.7
2944,8050,3.4
2945,333,4.1
2946,6303,2.7
2947,1563,2.4
2948,410,1.0
2949,53,1.8
2950,5908,4.7
2951,713,3.9
2952,1384,1.6
2953,9901,1.0
2954,5249,2.0
2955,6476,4.6
2956,8971,1.4
2957,89,4.1
2958,7460,4.8
2959,9407,2.6
2960,605,5.0
2961,3517,1.2
2962,9855,2.4
2963,8789,2.8
2964,6525,4.4
2965,9244,3.1
2966,1179,1.9
2967,704,4.1
2968,9754,4.0
2969,9987,3.1
2970,2498,3.7
2971,4588,3.7
2972,1556,4.3
2973,8971,2.7
2974,6898,1.7
2975,8950,3.1
2976,5366,3.5
2977,9121,3.7
2978,6735,1.1
2979,4345,1.8
2980,5537,4.9
2981,5432,4.4
2982,752,4.6
2983,2760,2.8
2984,2572,2.1
2985,3219,1.8
2986,5871,4.8
2987,5588,1.0
2988,3805,4.2
2989,6273,3.6
2990,2652,2.3
2991,3485,2.7
2992,4759,4.0
2993,5422,4.4
2994,731,2.8
2995,6310,1.0
2996,2700,3.2
2997,9340,2.3
2998,2443,4.4
2999,6885,4.0
3000,4068,3.8
3001,991,1.6
3002,9993,1.2
3003,2064,2.1
3004,8965,1.3
3005,2334,2.3
3006,7096,3.0
3007,5948,4.7
3008,9131,3.9
3009,1897,3.7
3010,6121,3.7
3011,1400,3.1
3012,2695,4.7
3013,5203,1.7
3014,4374,3.2
3015,5688,1.2
3016,1198,4.0
3017,2684,4.8
3018,7671,1.6
3019,9613,2.6
3020,7504,1.4
3021,3368,3.5
3022,1394,3.0
3023,1874,3.7
3024,8724,2.5
3025,7492,2.4
3026,6850,1.4
3027,160,1.2
3028,6558,4.8
3029,3932,4.5
3030,2657,3.6
3031,7478,1.3
3032,7363,5.0
3033,7727,4.7
3034,6056,4.1
3035,5776,1.6
3036,1740,2.3
3037,4811,3.2
3038,6990,4.6
3039,4799,2.8
3040,4466,3.9
3041,3473,1.8
3042,1638,4.4
3043,6195,4.9
3044,2944,3.1
3045,7468,2.6
3046,2853,3.3
3047,9634,2.7
3048,8691,2.9
3049,6061,3.0
3050,2586,4.2
3051,9387,1.7
3052,1393,3.6
3053,9480,2.3
3054,8260,4.9
3055,4203,1.2
3056,3572,3.0
3057,178,3.7
3058,1943,3.3
3059,907,1.9
3060,5159,3.3
3061,6105,1.4
3062,6268,3.4
3063,3235,2.6
3064,1453,1.3
3065,4098,1.7
3066,2363,4.3
3067,8182,3.7
3068,4502,4.6
3069,6191,3.1
3070,3243,1.8
3071,438,1.3
3072,2961,4.7
3073,2949,4.8
3074,4895,2.8
3075,616,2.1
3076,1141,4.3
3077,9127,3.0
3078,1071,4.6
3079,2554,1.8
3080,7374,2.4
3081,3864,3.9
3082,1471,1.9
3083,4060,4.1
3084,8561,3.4
3085,7456,3.7
3086,2005,2.8
3087,7705,1.9
3088,3733,2.2
3089,3586,2.4
3090,229,1.5
3091,8183,4.6
3092,5990,3.4
3093,6308,1.5
3094,560,3.6
3095,911,4.4
3096,5093,1.1
3097,438,2.2
3098,83,4.0
3099,3157,2.2
3100,2556,2.6
3101,7335,1.8
3102,3862,1.8
3103,8096,2.2
3104,8496,3.8
3105,4825,4.8
3106,3711,3.2
3107,5559,1.9
3108,9855,2.0
3109,7730,2.5
3110,3213,3.2
3111,4862,5.0
3112,6732,2.2
3113,3507,4.9
3114,1542,2.8
3115,7767,2.6
3116,4780,4.1
3117,6214,4.2
3118,9817,2.1
3119,6590,4.0
3120,9783,4.9
3121,5392,4.5
3122,5715,4.5
3123,5105,3.6
3124,3674,1.5
3125,3523,4.8
3126,4192,4.7
3127,9354,2.9
3128,4954,2.2
3129,5104,1.4
3130,2417,4.2
3131,266,1.7
3132,7394,4.2
3133,0,4.1
3134,6396,4.4
3135,6016,2.4
3136,4890,4.1
3137,2374,1.9
3138,4233,4.7
3139,7275,4.9
3140,5579,3.8
3141,3575,3.6
3142,9332,1.7
3143,5246,3.8
3144,419,2.2
3145,9159,4.2
3146,7133,1.4
3147,8029,5.0
3148,1376,4.1
3149,7798,2.7
3150,6971,4.8
3151,9187,3.4
3152,7677,2.3
3153,719,1.1
3154,4076,4.7
3155,3591,2.2
3156,1548,4.0
3157,5994,4.7
3158,936,4.1
3159,808,4.9
3160,7136,4.5
3161,6056,3.7
3162,4635,2.4
3163,6991,1.1
3164,7170,3.3
3165,6834,2.7
3166,919,4.1
3167,3617,3.2
3168,8110,1.8
3169,2447,1.4
3170,4873,3.7
3171,3472,1.8
3172,8340,1.9
3173,3880,1.3
3174,8769,2.3
3175,5574,2.6
3176,9188,4.0
3177,7985,4.3
3178,5128,3.3
3179,2941,1.3
3180,4583,1.5
3181,846,4.2
3182,9332,3.7
3183,89,1.9
3184,6336,1.8
3185,1961,4.6
3186,2820,3.1
3187,3888,5.0
3188,7667,1.4
3189,380,1.4
3190,9641,3.4
3191,2253,3.1
3192,6098,3.8
3193,8342,2.5
3194,5398,1.4
3195,7271,2.8
3196,8490,2.3
3197,9470,2.3
3198,233,1.5
3199,2317,1.8
3200,9483,4.8
3201,4069,2.6
3202,9251,4.5
3203,1397,4.1
3204,9558,4.0
3205,8657,2.3
3206,9391,3.2
3207,2952,3.3
3208,8161,1.6
3209,3313,2.1
3210,3820,4.9
3211,1602,3.3
3212,5500,2.4
3213,6520,1.9
3214,8322,4.3
3215,5183,4.6
3216,7740,2.9
3217,6100,1.4
3218,7505,4.0
3219,3377,4.1
3220,8814,4.8
3221,8745,1.8
3222,9134,2.5
3223,6345,3.9
3224,6828,1.3
3225,1807,2.8
3226,7955,3.3
3227,888,3.0
3228,4385,2.8
3229,1538,1.6
3230,566,1.2
3231,1268,1.2
3232,2787,5.0
3233,5751,1.4
3234,5257,4.6
3235,7900,1.2
3236,7501,3.5
3237,2208,4.7
3238,8641,3.7
3239,5537,2.7
3240,4508,2.9
3241,1647,4.7
3242,9972,2.4
3243,8986,1.1
3244,7189,1.9
3245,8440,3.1
3246,7180,4.0
3247,2220,1.6
3248,8031,3.0
3249,756,1.5
3250,8653,2.3
3251,1065,4.8
3252,258,2.9
3253,1113,1.5
3254,5509,2.4
3255,9980,1.5
3256,7958,1.9
3257,3205,1.4
3258,3811,1.1
3259,5098,4.6
3260,453,2.0
3261,9801,5.0
3262,3262,3.9
3263,2896,1.5
3264,7474,1.4
3265,7498,1.8
3266,5397,1.4
3267,3963,1.6
3268,1376,4.8
3269,8335,4.1
3270,5225,3.1
3271,7136,1.5
3272,6128,4.7
3273,6846,2.7
3274,4539,2.5
3275,5561,2.1
3276,640,4.0
3277,148,4.3
3278,7704,2.3
3279,9890,1.2
3280,4821,4.2
3281,8214,4.7
3282,7079,3.6
3283,7136,2.0
3284,3460,4.7
3285,4414,3.2
3286,9430,4.6
3287,3275,4.9
3288,654,3.7
3289,4884,4.5
3290,3583,3.3
3291,4565,2.5
3292,1440,2.0
3293,2483,4.9
3294,6866,2.2
3295,28,2.1
3296,6707,4.7
3297,7327,3.7
3298,2792,4.6
3299,2803,1.1
3300,3446,3.1
3301,3818,4.9
3302,7947,1.7
3303,8439,3.8
3304,7765,2.0
3305,2455,3.7
3306,226,1.6
3307,2972,1.7
3308,2600,2.6
3309,9692,2.8
3310,1480,1.5
3311,9038,3.6
3312,4886,3.7
3313,7595,3.0
3314,849,4.6
3315,6554,2.8
3316,5620,2.2
3317,7211,1.9
3318,2813,4.6
3319,8265,4.9
3320,5352,3.6
3321,7866,1.6
3322,991,2.3
3323,934,3.8
3324,7284,4.3
3325,8160,3.6
3326,8441,3.1
3327,5948,4.8
3328,1852,2.9
3329,970,2.7
3330,5039,2.0
3331,9471,2.8
3332,9234,3.8
3333,2017,2.4
3334,7758,2.4
3335,1691,3.6
3336,8785,2.0
3337,8394,1.5
3338,285,1.9
3339,8639,2.2
3340,1765,4.9
3341,5435,4.5
3342,9388,4.8
3343,8725,3.4
3344,7240,2.8
3345,9908,3.5
3346,5347,4.4
3347,2518,3.0
3348,3130,2.7
3349,6459,2.3
3350,2540,4.8
3351,3600,2.7
3352,7167,3.2
3353,1908,1.8
3354,9255,2.1
3355,4707,1.3
3356,7918,3.0
3357,6459,1.2
3358,6207,1.7
3359,3894,3.6
3360,4212,2.4
3361,2872,1.2
3362,31,1.6
3363,2816,4.8
3364,6554,4.5
3365,249,4.1
3366,9659,4.8
3367,426,4.1
3368,3084,1.7
3369,9062,3.0
3370,3795,1.1
3371,1161,2.8
3372,7120,2.6
3373,5373,4.5
3374,8159,2.4
3375,4743,4.3
3376,1161,1.3
3377,4845,3.6
3378,9092,4.7
3379,1353,2.5
3380,8197,3.5
3381,49,3.3
3382,4226,2.6
3383,6278,2.0
3384,8900,1.2
3385,2383,4.3
3386,3125,4.3
3387,609,4.5
3388,5211,4.4
3389,5304,1.2
3390,362,4.9
3391,4357,1.4
3392,9399,3.6
3393,8501,3.3
3394,8099,4.2
3395,7930,2.6
3396,7039,2.7
3397,5186,4.4
3398,3896,4.2
3399,4410,3.2
3400,8751,4.4
3401,1472,3.2
3402,6422,4.0
3403,128,2.0
3404,4600,2.8
3405,8790,3.9
3406,1855,2.6
3407,8129,1.5
3408,8583,2.5
3409,2440,2.0
3410,6673,1.2
3411,4311,4.7
3412,1118,2.0
3413,1754,4.2
3414,245,3.9
3415,4207,1.3
3416,538,2.4
3417,4897,3.8
3418,1309,2.8
3419,5612,3.0
3420,3246,4.3
3421,3737,4.2
3422,6266,1.8
3423,5605,1.9
3424,890,4.5
3425,4305,3.1
3426,3723,1.9
3427,2599,4.8
3428,3206,2.3
3429,1216,1.8
3430,4002,4.4
3431,904,1.9
3432,3715,4.5
3433,7991,4.2
3434,9416,2.0
3435,599,3.4
3436,6034,3.5
3437,9149,3.4
3438,3498,1.5
3439,2906,1.8
3440,4688,3.9
3441,5191,4.3
3442,4397,2.5
3443,6348,2.4
3444,9337,1.6
3445,3979,4.7
3446,230,4.4
3447,7720,1.8
3448,280,2.5
3449,3073,2.8
3450,6908,2.1
3451,1755,2.5
3452,4902,1.6
3453,613,3.9
3454,4007,2.1
3455,7536,3.9
3456,7307,2.3
3457,8508,2.3
3458,7845,4.3
3459,339,3.2
3460,5972,2.3
3461,3727,1.1
3462,3395,1.0
3463,4522,2.3
3464,631,1.9
3465,3974,3.0
3466,8439,3.3
3467,658,4.4
3468,2658,1.7
3469,1076,4.4
3470,3733,1.0
3471,3720,2.2
3472,4589,3.2
3473,8555,2.5
3474,1595,3.7
3475,9420,3.4
3476,5106,4.9
3477,8494,3.8
3478,6076,4.4
3479,3326,2.7
3480,9584,3.9
3481,8803,2.2
3482,1147,3.7
3483,1527,4.7
3484,2274,2.8
3485,5699,5.0
3486,5611,4.0
3487,8210,3.3
3488,9086,2.2
3489,4941,4.0
3490,7557,3.4
3491,1084,3.8
3492,2427,1.4
3493,6866,2.4
3494,8708,1.7
3495,4460,1.4
3496,9793,2.3
3497,1915,4.7
3498,526,5.0
3499,457,2.7
3500,3761,4.9
3501,5755,1.9
3502,6612,4.3
3503,5624,4.0
3504,9272,4.8
3505,5076,1.5
3506,4797,3.2
3507,4355,4.2
3508,4691,3.2
3509,8714,4.0
3510,1614,1.3
3511,6992,2.0
3512,4897,4.5
3513,8217,5.0
3514,4977,3.4
3515,138,1.7
3516,5236,2.6
3517,5205,4.3
3518,1852,1.5
3519,2917,3.9
3520,4179,1.4
3521,3224,4.7
3522,4747,4.1
3523,1644,3.6
3524,9136,1.5
3525,799,2.6
3526,8987,4.6
3527,5639,4.0
3528,1206,4.9
3529,9138,2.2
3530,6509,2.1
3531,9793,2.5
3532,6924,4.3
3533,1458,2.4
3534,1426,1.4
3535,3371,4.9
3536,4310,4.1
3537,8361,2.8
3538,9667,4.6
3539,9530,1.5
3540,4326,3.3
3541,4974,3.3
3542,1957,2.2
3543,6426,3.1
3544,6241,4.4
3545,7325,4.7
3546,9790,1.4
3547,9220,1.1
3548,1743,3.1
3549,2223,1.1
3550,7036,5.0
3551,3300,3.7
3552,4022,4.1
3553,1755,1.1
3554,7667,4.8
3555,6071,2.6
3556,217,2.0
3557,3457,2.2
3558,3838,3.3
3559,8244,2.1
3560,6099,2.2
3561,6389,3.5
3562,3414,1.2
3563,1824,4.0
3564,4875,4.6
3565,5511,4.8
3566,897,4.9
3567,4029,3.2
3568,7827,4.6
3569,8542,4.6
3570,9218,3.3
3571,9460,2.1
3572,1370,2.7
3573,2110,3.9
3574,8869,1.1
3575,60,4.3
3576,2733,3.7
3577,3337,4.4
3578,957,3.3
3579,264,3.0
3580,4610,3.8
3581,9950,3.4
3582,9416,4.0
3583,6184,2.8
3584,667,3.7
3585,7875,1.0
3586,3458,3.4
3587,6564,2.3
3588,3160,3.3
3589,8253,1.0
3590,5995,4.2
3591,6309,3.4
3592,8797,1.8
3593,7054,3.0
3594,95,1.2
3595,5698,2.4
3596,9304,2.7
3597,7408,2.2
3598,9074,1.4
3599,7227,1.8
3600,9595,2.8
3601,9063,4.6
3602,2859,4.2
3603,5929,2.5
3604,2968,4.8
3605,4,2.7
3606,2938,3.9
3607,9029,1.7
3608,9088,3.4
3609,414,4.3
3610,5568,4.9
3611,2611,3.9
3612,8538,2.3
3613,1034,1.2
3614,5035,3.5
3615,3171,2.2
3616,6451,2.2
3617,7164,1.5
3618,4543,4.9
3619,6376,4.4
3620,6752,2.8
3621,7141,1.6
3622,4329,2.3
3623,3948,1.2
3624,4148,2.3
3625,1895,2.6
3626,4820,2.3
3627,7228,1.1
3628,3052,4.0
3629,903,1.2
3630,2162,4.7
3631,3038,2.1
3632,2219,3.8
3633,9712,1.7
3634,6457,4.0
3635,8376,2.1
3636,7756,4.5
3637,8660,2.1
3638,986,3.1
3639,3558,3.7
3640,8423,3.4
3641,9578,3.0
3642,5223,4.7
3643,96,2.3
3644,3641,2.6
3645,5975,4.3
3646,3257,3.7
3647,8391,3.2
3648,7950,1.5
3649,8330,4.0
3650,8585,4.4
3651,5484,4.5
3652,5301,3.0
3653,1895,4.3
3654,9359,4.1
3655,4355,3.0
3656,3900,4.9
3657,309,1.6
3658,6371,1.0
3659,4547,3.9
3660,4842,1.6
3661,1068,4.7
3662,3429,3.7
3663,1954,3.0
3664,7563,2.9
3665,4389,2.2
3666,9608,3.6
3667,4436,4.4
3668,4914,3.2
3669,4288,2.5
3670,3457,2.0
3671,1404,3.6
3672,1218,4.5
3673,2135,3.2
3674,5844,4.7
3675,3029,3.8
3676,5491,2.8
3677,8969,2.8
3678,1132,2.9
3679,6337,2.9
3680,9489,3.7
3681,360,1.7
3682,1899,1.9
3683,9519,4.0
3684,1004,1.1
3685,5662,1.3
3686,9457,1.5
3687,7310,3.6
3688,5813,3.0
3689,5072,1.4
3690,9525,1.9
3691,6338,1.7
3692,9540,1.4
3693,8526,1.1
3694,2882,4.0
3695,5560,2.2
3696,8821,5.0
3697,1380,3.4
3698,4527,2.7
3699,2522,1.1
3700,3778,3.7
3701,3627,1.3
3702,3986,1.7
3703,8872,1.3
3704,5571,1.7
3705,7467,1.2
3706,2517,1.0
3707,4620,1.1
3708,5603,4.6
3709,1327,2.2
3710,4966,4.7
3711,8516,2.1
3712,2631,1.5
3713,6581,4.8
3714,4598,4.1
3715,7262,4.5
3716,8245,4.3
3717,1305,4.8
3718,2622,4.8
3719,9746,4.4
3720,3933,1.6
3721,6386,1.3
3722,5272,4.4
3723,4011,3.4
3724,9619,2.1
3725,8529,4.1
3726,3953,2.4
3727,7563,4.2
3728,6090,3.3
3729,5411,1.6
3730,5497,2.0
3731,7421,4.0
3732,4867,3.8
3733,7997,2.9
3734,3328,2.0
3735,7850,2.4
3736,7374,4.8
3737,22,2.1
3738,2135,3.4
3739,9934,4.1
3740,5789,4.3
3741,4511,3.7
3742,7964,3.2
3743,98,2.8
3744,9252,4.8
3745,1262,2.3
3746,8670,1.1
3747,7369,3.9
3748,1391,2.7
3749,7867,2.1
3750,177,4.9
3751,648,3.8
3752,8022,4.7
3753,3107,2.7
3754,1881,4.4
3755,1114,2.0
3756,5100,3.2
3757,3439,3.9
3758,6303,2.9
3759,9620,3.8
3760,4315,4.0
3761,7118,1.5
3762,2324,3.4
3763,3854,4.2
3764,1127,1.9
3765,5651,2.0
3766,3500,4.5
3767,4701,1.4
3768,7997,2.1
3769,7625,2.8
3770,2186,4.6
3771,150,2.4
3772,5471,3.7
3773,4773,1.5
3774,8482,4.9
3775,8558,4.6
3776,2914,2.7
3777,1526,1.8
3778,858,2.2
3779,4342,4.5
3780,2721,1.6
3781,17,4.8
3782,3944,4.0
3783,236,1.6
3784,150,4.5
3785,3395,4.3
3786,3256,3.3
3787,1894,2.2
3788,2373,1.7
3789,4133,3.6
3790,9091,3.0
3791,7218,2.3
3792,6344,1.5
3793,9091,1.7
3794,2768,2.2
3795,6483,1.8
3796,7735,2.4
3797,2346,1.1
3798,9312,3.2
3799,6935,3.9
3800,2682,4.3
3801,3733,2.5
3802,3475,1.2
3803,2044,2.6
3804,6861,2.5
3805,4289,3.0
3806,6917,2.9
3807,800,3.4
3808,845,3.6
3809,625,4.3
3810,2885,4.9
3811,9649,1.4
3812,1674,1.5
3813,2576,3.6
3814,9694,4.5
3815,8970,2.4
3816,5174,4.4
3817,4925,4.2
3818,611,2.4
3819,3968,4.1
3820,7513,1.7
3821,9154,4.4
3822,8331,2.4
3823,1805,3.9
3824,8267,1.8
3825,4455,1.3
3826,2839,4.5
3827,4420,2.2
3828,9904,4.2
3829,1781,4.1
3830,9781,3.5
3831,7876,1.9
3832,7132,2.2
3833,8347,3.1
3834,9982,3.6
3835,9432,1.2
3836,1011,4.5
3837,9507,1.3
3838,2899,2.7
3839,1157,3.9
3840,9217,2.0
3841,5180,4.5
3842,4571,4.6
3843,6951,2.0
3844,8726,4.6
3845,8072,3.8
3846,1562,2.8
3847,8851,4.0
3848,3413,4.4
3849,3394,2.9
3850,884,2.5
3851,9006,1.4
3852,6731,1.6
3853,6154,4.0
3854,9383,1.8
3855,30,4.0
3856,1729,4.8
3857,8628,3.3
3858,7147,2.8
3859,1144,4.6
3860,4092,3.3
3861,5833,3.4
3862,3625,3.1
3863,8135,5.0
3864,2944,4.7
3865,270,2.4
3866,8839,2.4
3867,2520,3.9
3868,3916,1.2
3869,8400,2.7
3870,6600,3.2
3871,3981,3.2
3872,7836,4.7
3873,1174,3.1
3874,2571,2.2
3875,9634,3.0
3876,114,1.4
3877,3799,5.0
3878,7788,1.5
3879,4229,2.2
3880,2329,2.7
3881,3362,1.3
3882,3133,3.4
3883,6062,3.9
3884,5282,4.8
3885,2756,3.5
3886,2835,4.7
3887,3796,1.3
3888,7904,2.3
3889,9217,1.2
3890,4538,3.6
3891,1709,1.6
3892,5515,1.1
3893,8759,3.4
3894,7194,3.3
3895,2736,3.1
3896,1824,1.9
3897,1558,2.1
3898,9570,1.3
3899,534,2.5
3900,5378,2.5
3901,3914,2.3
3902,3451,3.6
3903,3709,2.2
3904,1264,3.8
3905,3363,2.0
3906,6142,1.8
3907,8275,3.3
3908,5923,4.4
3909,9067,1.3
3910,4056,2.7
3911,5300,4.8
3912,5232,4.6
3913,2123,1.8
3914,7485,4.2
3915,9599,1.9
3916,3000,3.7
3917,6732,1.5
3918,3692,4.7
3919,3260,1.5
3920,9507,2.9
3921,4081,4.5
3922,2984,3.9
3923,7291,1.3
3924,1056,3.1
3925,3975,3.5
3926,5021,3.1
3927,5157,3.7
3928,8479,1.6
3929,9679,3.9
3930,5199,2.7
3931,9584,4.7
3932,7292,4.7
3933,1579,1.2
3934,5889,2.0
3935,2979,1.7
3936,6221,4.8
3937,3389,1.5
3938,5079,1.6
3939,5758,3.9
3940,7714,1.0
3941,2688,1.3
3942,8336,3.9
3943,4279,3.7
3944,3221,2.1
3945,2572,4.3
3946,8682,4.8
3947,9613,2.5
3948,3122,4.8
3949,6656,2.9
3950,1907,1.6
3951,8461,2.7
3952,2852,3.1
3953,9751,1.5
3954,3329,2.0
3955,131,4.6
3956,6464,3.3
3957,5436,2.0
3958,9321,4.5
3959,1598,1.5
3960,1999,2.7
3961,7486,3.3
3962,9455,3.8
3963,3351,1.5
3964,1183,4.4
3965,4940,1.1
3966,252,3.2
3967,5462,1.2
3968,741,4.9
3969,9280,4.8
3970,8403,1.9
3971,3000,1.2
3972,2532,5.0
3973,3681,2.8
3974,2825,4.1
3975,1728,1.6
3976,1771,4.8
3977,3737,4.4
3978,4339,3.0
3979,181,1.8
3980,5619,3.4
3981,3623,2.9
3982,3630,2.1
3983,2024,1.7
3984,7127,4.3
3985,3983,2.7
3986,4733,3.3
3987,7278,3.8
3988,5551,3.2
3989,2753,3.0
3990,5576,4.3
3991,6988,4.3
3992,1675,1.3
3993,608,3.9
3994,5976,4.2
3995,391,3.6
3996,2479,1.9
3997,4117,3.7
3998,8846,3.9
3999,2526,1.4
4000,2902,4.9
4001,8651,1.3
4002,9241,3.4
4003,8688,1.6
4004,9076,1.1
4005,8945,2.1
4006,1244,1.1
4007,5908,4.9
4008,8382,4.8
4009,6708,2.0
4010,9979,2.2
4011,3135,2.7
4012,3355,3.8
4013,2878,4.9
4014,7500,3.9
4015,5195,2.3
4016,5413,2.5
4017,4981,1.8
4018,9993,3.6
4019,2105,4.1
4020,684,3.7
4021,6728,4.7
4022,249,4.3
4023,5338,2.4
4024,1194,4.1
4025,8595,4.7
4026,3270,3.3
4027,9983,3.3
4028,7206,1.4
4029,5644,4.6
4030,6111,1.6
4031,6473,4.0
4032,7332,3.9
4033,3812,4.9
4034,9547,2.6
4035,498,3.8
4036,1347,2.2
4037,7769,2.5
4038,7132,2.7
4039,9051,2.4
4040,6999,2.9
4041,3488,1.8
4042,3636,2.9
4043,8394,1.4
4044,5776,1.6
4045,2387,3.8
4046,6281,2.3
4047,8758,3.4
4048,8851,3.3
4049,3653,1.8
4050,1165,4.4
4051,2236,2.1
4052,4794,2.4
4053,4797,2.8
4054,5081,4.7
4055,2401,2.3
4056,7867,4.9
4057,1133,2.5
4058,1313,2.3
4059,5064,1.7
4060,6021,4.6
4061,9213,4.5
4062,4787,2.6
4063,4240,3.7
4064,7479,2.6
4065,6086,3.5
4066,7994,2.6
4067,5899,2.8
4068,5325,2.7
4069,9206,3.4
4070,1562,1.0
4071,9734,3.0
4072,4480,1.5
4073,4916,2.7
4074,279,1.5
4075,4015,3.7
4076,1484,3.3
4077,7345,3.5
4078,5706,2.5
4079,8335,2.2
4080,8717,4.4
4081,1500,1.4
4082,6605,4.0
4083,42,2.1
4084,4157,1.8
4085,4206,3.8
4086,6606,1.9
4087,3252,3.5
4088,8341,3.0
4089,4528,2.5
4090,3429,5.0
4091,7794,3.1
4092,2534,1.5
4093,7631,1.9
4094,3752,3.4
4095,8047,2.7
4096,3486,3.1
4097,9604,2.1
4098,1924,3.6
4099,4922,4.1
4100,9398,1.7
4101,9406,1.9
4102,1421,2.1
4103,8652,3.4
4104,6750,4.2
4105,4176,2.0
4106,9097,1.3
4107,2192,2.6
4108,1819,4.4
4109,9791,1.8
4110,1966,1.2
4111,6168,4.5
4112,2663,4.4
4113,8382,3.5
4114,4605,3.7
4115,5798,1.9
4116,6894,3.1
4117,7512,2.0
4118,6886,4.3
4119,7674,2.5
4120,7875,3.9
4121,8088,2.9
4122,7424,4.0
4123,629,3.9
4124,6690,3.2
4125,2848,3.7
4126,2745,1.9
4127,1671,1.5
4128,1186,2.0
4129,8762,2.8
4130,9350,1.1
4131,8897,1.2
4132,289,3.0
4133,7998,1.4
4134,8755,3.1
4135,9917,3.9
4136,2417,1.7
4137,2458,4.6
4138,7245,3.5
4139,7500,1.1
4140,9673,1.4
4141,8667,3.7
4142,5289,4.4
4143,8068,1.2
4144,2591,3.3
4145,4642,2.0
4146,49,4.1
4147,4628,3.4
4148,945,4.8
4149,4815,3.0
4150,608,2.5
4151,2571,1.8
4152,7478,1.9
4153,6185,3.0
4154,5391,2.9
4155,1567,1.6
4156,8999,4.6
4157,3449,2.2
4158,2702,1.3
4159,1895,4.7
4160,9026,4.9
4161,7410,2.8
4162,179,1.4
4163,4152,4.1
4164,2890,4.4
4165,9860,3.6
4166,7351,1.6
4167,5237,2.2
4168,4901,1.2
4169,4326,4.3
4170,5073,1.2
4171,8594,3.5
4172,5662,1.9
4173,4229,2.2
4174,3459,4.1
4175,8405,3.9
4176,1607,2.0
4177,3657,1.5
4178,4278,4.1
4179,6068,1.4
4180,2451,4.0
4181,5488,2.7
4182,6367,3.8
4183,6480,2.3
4184,9829,2.7
4185,4645,1.2
4186,2237,4.0
4187,7994,3.2
4188,3710,1.2
4189,2714,2.8
4190,4565,2.6
4191,3831,2.1
4192,2008,3.5
4193,413,2.7
4194,1687,2.0
4195,5298,4.9
4196,6724,1.8
4197,2183,3.2
4198,276,2.5
4199,1098,1.8
4200,2911,2.6
4201,1246,1.6
4202,7028,1.4
4203,9503,2.9
4204,276,1.4
4205,287,4.4
4206,9510,3.1
4207,575,3.3
4208,8146,4.3
4209,3665,1.6
4210,3541,2.2
4211,3666,2.1
4212,9634,3.7
4213,7821,4.7
4214,9703,3.0
4215,5907,3.4
4216,1517,1.1
4217,3190,2.0
4218,4269,2.1
4219,3263,4.9
4220,9679,4.9
4221,6877,1.2
4222,172,3.0
4223,374,1.4
4224,9301,2.4
4225,2285,2.2
4226,6333,1.4
4227,830,3.2
4228,5538,3.0
4229,9548,3.2
4230,9757,1.5
4231,2820,1.1
4232,1090,3.7
4233,1835,4.7
4234,9585,4.8
4235,2364,4.4
4236,4364,4.5
4237,8255,2.4
4238,8951,3.5
4239,7634,4.8
4240,1875,2.9
4241,7907,1.9
4242,3755,2.2
4243,7116,1.5
4244,2368,4.4
4245,6246,1.2
4246,3420,2.3
4247,3216,3.9
4248,3905,1.0
4249,65,4.5
4250,2922,2.6
4251,3330,1.2
4252,2025,4.3
4253,6238,4.9
4254,4455,3.0
4255,4023,4.0
4256,756,1.3
4257,9897,4.6
4258,4016,2.1
4259,4866,1.2
4260,7114,1.4
4261,1266,3.8
4262,8130,1.5
4263,594,3.4
4264,2660,2.5
4265,7723,4.9
4266,4696,1.0
4267,3821,4.3
4268,5203,3.0
4269,2171,1.8
4270,4562,1.0
4271,1277,1.5
4272,3619,3.2
4273,6737,4.3
4274,9452,4.9
4275,5947,4.8
4276,9155,2.0
4277,4634,3.7
4278,5413,2.5
4279,7603,2.3
4280,2875,3.6
4281,3161,3.0
4282,9207,4.6
4283,7113,1.8
4284,394,4.4
4285,7420,1.6
4286,162,2.5
4287,3796,3.0
4288,4029,1.8
4289,5625,2.5
4290,7569,2.3
4291,5161,2.5
4292,1782,2.6
4293,8738,3.4
4294,9557,2.0
4295,6907,3.7
4296,5281,4.2
4297,8324,1.1
4298,6203,3.6
4299,963,3.2
4300,4945,3.3
4301,3384,2.2
4302,3091,3.7
4303,5054,3.4
4304,1930,2.6
4305,1106,1.2
4306,1280,3.0
4307,8487,1.6
4308,7155,4.0
4309,5748,2.5
4310,8537,2.2
4311,9555,3.9
4312,1095,2.8
4313,9198,1.4
4314,1140,2.7
4315,5540,2.7
4316,7220,1.7
4317,2069,3.1
4318,7589,4.8
4319,2508,4.9
4320,3623,4.9
4321,7932,2.4
4322,7120,2.4
4323,7624,1.3
4324,1118,2.2
4325,5616,3.5
4326,9763,3.1
4327,7203,2.0
4328,2522,1.1
4329,3294,4.8
4330,5482,2.6
4331,8740,3.8
4332,3635,3.9
4333,8729,4.3
4334,4510,2.5
4335,8501,3.2
4336,3362,1.6
4337,120,4.8
4338,4550,2.3
4339,69,3.9
4340,2195,3.2
4341,8837,4.6
4342,4831,1.7
4343,7127,3.9
4344,2246,3.9
4345,3582,2.6
4346,8869,3.0
4347,1081,1.4
4348,6591,2.4
4349,7353,2.6
4350,9567,3.7
4351,73,4.5
4352,5801,1.0
4353,2806,1.9
4354,8831,3.1
4355,4643,4.7
4356,2277,4.0
4357,8068,2.9
4358,4239,2.1
4359,5823,4.0
4360,9193,2.8
4361,6746,4.6
4362,3999,1.8
4363,8073,3.2
4364,9687,1.9
4365,4554,3.3
4366,7244,4.1
4367,3008,1.1
4368,6027,3.6
4369,312,4.9
4370,4871,3.0
4371,2961,3.6
4372,5522,3.3
4373,2171,1.4
4374,6134,1.9
4375,9814,3.3
4376,7069,2.0
4377,7235,2.2
4378,8052,3.8
4379,2124,4.8
4380,1653,4.6
4381,4838,2.4
4382,6550,2.7
4383,5338,1.1
4384,4358,4.0
4385,7619,4.8
4386,4479,4.4
4387,3982,3.1
4388,9910,1.6
4389,4391,1.9
4390,6262,3.5
4391,8366,1.0
4392,3290,3.7
4393,1542,3.1
4394,6033,4.1
4395,9293,4.1
4396,4931,4.3
4397,2265,4.1
4398,2510,5.0
4399,6444,3.3
4400,4375,1.5
4401,7110,1.9
4402,2554,1.1
4403,9297,3.6
4404,3498,2.4
4405,9421,1.3
4406,4619,2.1
4407,8650,1.3
4408,1084,4.3
4409,414,2.4
4410,7152,1.4
4411,2758,2.4
4412,6087,1.5
4413,2279,3.3
4414,2677,2.1
4415,4970,1.6
4416,9177,4.9
4417,8189,1.4
4418,4856,4.8
4419,1828,2.9
4420,2505,2.0
4421,5089,1.0
4422,2111,4.0
4423,9467,3.2
4424,1715,2.6
4425,6556,1.1
4426,534,4.3
4427,5977,1.9
4428,4415,4.5
4429,7364,1.9
4430,7381,3.6
4431,1714,3.4
4432,9766,1.0
4433,4235,3.2
4434,469,1.7
4435,2665,1.2
4436,3877,3.5
4437,7631,2.9
4438,6350,4.7
4439,3058,1.2
4440,9798,1.8
4441,4202,3.3
4442,7497,4.8
4443,9860,3.4
4444,7462,2.9
4445,1740,2.7
4446,9801,1.5
4447,771,2.8
4448,2880,3.1
4449,8724,3.0
4450,2056,2.4
4451,7273,2.8
4452,1044,1.2
4453,4458,1.3
4454,1610,3.1
4455,3654,1.2
4456,8698,1.8
4457,2404,2.5
4458,6235,3.9
4459,2021,4.4
4460,348,3.5
4461,5156,3.8
4462,7919,1.9
4463,9828,1.3
4464,463,4.4
4465,6968,1.1
4466,812,1.9
4467,6729,3.9
4468,5901,4.5
4469,2478,3.5
4470,548,3.9
4471,4233,2.6
4472,6732,2.3
4473,1868,2.5
4474,9588,1.4
4475,6475,2.4
4476,4816,1.1
4477,3372,4.1
4478,353,3.3
4479,1217,2.4
4480,3643,3.9
4481,3925,2.5
4482,9102,4.1
4483,7485,2.3
4484,3077,2.3
4485,1755,4.9
4486,9403,3.3
4487,199,4.2
4488,1276,4.5
4489,3705,4.4
4490,1845,3.8
4491,8283,3.8
4492,8041,1.8
4493,7144,2.1
4494,153,3.3
4495,9226,4.3
4496,3393,2.8
4497,8390,4.6
4498,9800,3.8
4499,8453,2.9
4500,2972,2.5
4501,3552,2.8
4502,3667,4.5
4503,909,3.0
4504,4369,3.3
4505,8516,3.7
4506,8850,4.4
4507,2488,1.9
4508,8325,3.2
4509,1600,2.1
4510,9690,1.5
4511,3637,4.2
4512,6281,2.5
4513,6965,3.8
4514,1719,1.0
4515,8658,2.5
4516,4790,3.0
4517,3833,4.9
4518,4589,1.0
4519,7598,4.5
4520,6333,4.1
4521,7140,3.0
4522,3501,1.5
4523,7393,1.8
4524,1299,4.1
4525,2798,3.1
4526,6361,4.7
4527,7512,4.5
4528,2179,2.0
4529,5716,2.9
4530,513,2.1
4531,767,4.8
4532,4475,1.4
4533,1062,1.6
4534,4657,4.5
4535,4141,3.9
4536,7230,1.0
4537,7847,2.7
4538,9343,3.7
4539,5045,2.2
4540,6437,2.8
4541,8897,1.9
4542,394,2.3
4543,8062,2.7
4544,65,4.0
4545,3975,1.8
4546,8302,3.3
4547,4560,3.5
4548,7329,2.8
4549,8189,3.1
4550,9493,2.7
4551,1108,3.5
4552,6255,1.5
4553,6369,2.0
4554,6478,3.8
4555,7875,3.3
4556,4399,2.9
4557,8564,4.2
4558,7240,3.8
4559,9360,4.1
4560,5159,4.7
4561,2548,1.1
4562,9117,3.4
4563,6431,3.9
4564,3905,1.3
4565,5683,2.9
4566,5027,4.0
4567,9870,3.5
4568,9550,4.5
4569,6648,4.0
4570,8279,1.4
4571,702,1.4
4572,9802,1.4
4573,2353,4.7
4574,505,4.3
4575,6494,4.2
4576,9966,1.6
4577,812,4.5
4578,4621,1.3
4579,7964,4.5
4580,1333,3.2
4581,7794,2.3
4582,8880,2.4
4583,3437,2.9
4584,1766,1.0
4585,8208,3.8
4586,30,2.1
4587,1364,4.0
4588,8625,2.6
4589,9212,1.5
4590,8936,3.6
4591,8943,1.0
4592,2701,1.6
4593,6141,4.6
4594,2300,2.4
4595,7154,2.9
4596,7613,2.5
4597,6839,4.5
4598,4742,1.1
4599,8576,4.3
4600,3438,2.8
4601,6072,3.0
4602,9671,1.3
4603,1320,2.6
4604,3918,1.7
4605,6945,2.0
4606,611,2.6
4607,525,2.2
4608,9598,3.6
4609,6876,1.1
4610,2064,4.4
4611,6039,2.3
4612,7562,1.0
4613,2138,2.4
4614,8983,2.2
4615,7331,2.0
4616,7498,3.3
4617,6081,4.7
4618,3355,4.2
4619,4163,2.8
4620,7396,4.7
4621,7574,4.9
4622,9296,3.3
4623,5026,1.4
4624,9867,4.6
4625,9390,1.1
4626,130,1.2
4627,9610,1.6
4628,3562,3.1
4629,4497,3.4
4630,82,4.2
4631,475,1.8
4632,7310,3.0
4633,4962,4.5
4634,4807,4.5
4635,5983,2.8
4636,6364,3.4
4637,213,2.6
4638,8719,4.3
4639,3186,3.0
4640,2971,4.8
4641,9601,4.5
4642,6989,1.6
4643,3722,2.4
4644,1519,3.3
4645,6650,3.0
4646,2700,2.8
4647,6466,2.4
4648,9930,3.0
4649,7989,2.8
4650,953,4.3
4651,7285,2.0
4652,1766,3.2
4653,1429,3.0
4654,5492,3.8
4655,4237,1.3
4656,599,3.2
4657,7363,3.9
4658,8488,4.7
4659,1648,2.7
4660,4598,4.6
4661,6650,2.4
4662,5870,1.9
4663,4676,5.0
4664,2361,4.4
4665,1899,4.2
4666,3352,3.1
4667,4334,2.3
4668,1090,4.5
4669,2140,1.8
4670,3086,1.4
4671,4808,2.2
4672,4735,2.0
4673,3016,1.9
4674,251,4.6
4675,4191,3.5
4676,6518,3.7
4677,253,2.3
4678,4431,2.5
4679,284,4.2
4680,1918,2.9
4681,9458,4.3
4682,4957,3.0
4683,1188,2.2
4684,2979,2.0
4685,5704,4.1
4686,7242,4.4
4687,2940,3.8
4688,8363,2.7
4689,479,2.4
4690,9541,2.0
4691,8365,1.5
4692,6541,4.1
4693,848,1.9
4694,9005,3.0
4695,2881,4.4
4696,5744,1.2
4697,6305,2.2
4698,9162,3.5
4699,598,4.6
4700,6470,2.8
4701,9059,2.9
4702,3096,4.7
4703,8967,2.4
4704,1011,1.7
4705,9978,3.4
4706,3160,4.4
4707,2905,2.2
4708,7975,1.3
4709,633,3.5
4710,9560,2.4
4711,8256,2.4
4712,7318,1.1
4713,9240,3.4
4714,6947,2.6
4715,7389,2.4
4716,974,3.0
4717,6812,3.3
4718,5160,4.5
4719,9949,4.9
4720,5451,3.3
4721,7394,1.1
4722,3039,1.1
4723,2832,2.4
4724,8917,3.3
4725,2706,3.3
4726,6553,2.2
4727,2108,4.2
4728,8911,5.0
4729,1117,1.3
4730,7762,4.6
4731,5147,4.1
4732,4026,3.7
4733,2163,3.6
4734,7309,1.3
4735,1453,1.3
4736,400,2.2
4737,6608,1.2
4738,550,4.7
4739,6717,2.0
4740,2266,1.6
4741,5568,2.0
4742,5454,3.1
4743,1980,2.6
4744,7805,3.2
4745,8825,3.8
4746,6832,3.6
4747,9202,4.7
4748,7394,4.4
4749,4539,4.0
4750,723,4.1
4751,8359,2.1
4752,9800,1.7
4753,5241,5.0
4754,6693,1.5
4755,1940,3.2
4756,270,1.7
4757,6438,4.2
4758,4345,2.7
4759,872,3.6
4760,4164,3.0
4761,7210,1.2
4762,872,3.0
4763,1425,4.2
4764,3976,2.8
4765,4352,3.6
4766,337,1.7
4767,3682,4.8
4768,3551,2.1
4769,9814,1.3
4770,5986,2.3
4771,6133,1.5
4772,6548,2.4
4773,2813,1.2
4774,2047,1.9
4775,7568,3.8
4776,470,1.1
4777,9279,3.7
4778,4089,3.1
4779,3952,4.2
4780,4824,3.1
4781,2266,3.6
4782,3903,3.3
4783,3802,3.0
4784,3173,4.3
4785,9697,2.2
4786,7198,4.4
4787,8551,3.4
4788,6030,4.2
4789,3683,2.2
4790,9695,3.7
4791,7178,2.8
4792,9475,3.6
4793,4339,4.6
4794,9555,2.9
4795,8079,2.2
4796,5582,1.6
4797,9564,4.3
4798,736,4.8
4799,9542,4.8
4800,7332,3.1
4801,2758,3.8
4802,5639,2.8
4803,8915,3.7
4804,7614,2.8
4805,1070,1.8
4806,7754,3.9
4807,5918,4.4
4808,3397,4.3
4809,4274,1.6
4810,4731,2.9
4811,3372,3.3
4812,4035,4.1
4813,9889,3.0
4814,698,3.0
4815,9445,1.0
4816,2050,2.8
4817,7971,3.5
4818,5981,3.9
4819,3625,2.2
4820,6227,2.9
4821,3157,2.5
4822,2449,2.3
4823,4951,1.6
4824,65,4.5
4825,923,4.9
4826,720,2.3
4827,552,2.6
4828,8892,5.0
4829,1958,3.4
4830,148,4.3
4831,7409,2.3
4832,6664,4.3
4833,5078,3.6
4834,7311,3.2
4835,9453,4.3
4836,193,4.0
4837,789,3.9
4838,9672,2.8
4839,813,3.2
4840,4752,1.7
4841,9245,1.3
4842,5368,1.5
4843,8636,2.9
4844,2815,3.4
4845,8803,4.2
4846,6932,1.2
4847,9938,3.3
4848,1728,3.5
4849,8420,2.7
4850,8305,1.9
4851,4405,4.1
4852,6157,4.4
4853,9656,2.7
4854,7111,3.7
4855,4318,2.1
4856,2024,3.0
4857,2338,3.9
4858,2180,2.7
4859,935,3.9
4860,7023,2.8
4861,427,2.8
4862,2957,1.6
4863,1739,4.3
4864,6423,2.1
4865,4597,4.4
4866,8988,2.2
4867,2185,1.3
4868,5003,2.9
4869,9953,3.1
4870,3477,4.3
4871,1863,1.2
4872,5039,2.8
4873,7952,2.6
4874,2936,2.3
4875,3645,2.8
4876,7284,4.8
4877,5527,4.3
4878,5771,1.5
4879,4645,4.7
4880,2269,4.3
4881,8391,4.6
4882,5103,5.0
4883,1718,2.6
4884,8490,2.6
4885,938,2.6
4886,7991,4.6
4887,5588,4.1
4888,2005,4.8
4889,9253,4.2
4890,3904,1.3
4891,6591,3.9
4892,2717,4.4
4893,8946,2.5
4894,2349,4.6
4895,6057,3.3
4896,8599,4.9
4897,7315,1.6
4898,5879,1.2
4899,888,4.7
4900,3620,2.3
4901,6209,2.3
4902,4879,2.2
4903,7869,4.2
4904,2125,1.4
4905,1189,4.5
4906,5164,1.1
4907,794,3.0
4908,5711,4.7
4909,7030,5.0
4910,7673,3.4
4911,2961,1.9
4912,7043,2.4
4913,2148,2.4
4914,3984,3.9
4915,172,4.5
4916,8704,5.0
4917,8505,1.7
4918,7806,1.4
4919,5376,3.3
4920,7297,3.0
4921,8323,2.0
4922,3597,2.5
4923,9284,1.4
4924,9096,4.4
4925,3518,4.4
4926,3309,3.2
4927,7946,4.2
4928,4204,1.9
4929,2182,1.4
4930,5628,1.1
4931,1835,3.4
4932,9957,4.1
4933,4729,2.3
4934,9593,3.5
4935,1092,2.7
4936,4070,3.2
4937,9884,1.1
4938,6261,2.4
4939,7806,3.4
4940,6345,2.9
4941,5534,4.7
4942,3626,4.6
4943,2188,3.7
4944,4003,4.8
4945,7054,4.0
4946,8785,2.0
4947,1404,2.6
4948,947,4.8
4949,6066,1.6
4950,6740,2.8
4951,2753,4.9
4952,7162,2.2
4953,8195,4.9
4954,9487,3.5
4955,6086,3.4
4956,4321,1.1
4957,5428,4.8
4958,2066,1.9
4959,2571,4.7
4960,4383,4.9
4961,9642,1.3
4962,9470,4.8
4963,4820,3.4
4964,3791,2.4
4965,3077,3.1
4966,2328,4.2
4967,4220,1.8
4968,8819,2.4
4969,1555,1.5
4970,8228,4.6
4971,6326,1.4
4972,670,1.6
4973,35,3.8
4974,9899,1.8
4975,8223,2.5
4976,593,1.9
4977,8891,4.6
4978,6,4.6
4979,5835,3.1
4980,655,4.1
4981,1323,3.0
4982,6897,2.1
4983,3662,1.3
4984,2486,2.8
4985,1548,3.5
4986,5244,3.2
4987,1704,1.1
4988,3549,3.4
4989,4853,1.9
4990,9774,1.6
4991,4088,1.7
4992,8987,4.3
4993,2461,3.0
4994,165,4.1
4995,8292,1.2
4996,8756,2.3
4997,4705,4.3
4998,2824,3.8
4999,2900,4.8
5000,7793,4.4
